id_principal;nombre_principal_en;nombre_principal_es;imagen_principal;id_parte;nombre_parte_en;nombre_parte_es;imagen_parte;id_product;numero_imagen;referencia;nombre_producto_en;nombre_producto_es;descripcion_en;descripcion_es;precio;imagen_producto;stock;id_categoria;id_tax_rules_group
1;"Super Furious RR";"Super Furious RR";;1;"Headlight Assy";"Conjunto de faros";galeriamoto/1/furiousrr125HeadlightAssy.jpg;2276;1;;;;;;;;;;
1;"Super Furious RR";"Super Furious RR";;2;"Front up";Cupula;galeriamoto/2/furiousrr125Guidecover.jpg;2277;1;;;;;;;;;;
1;"Super Furious RR";"Super Furious RR";;2;"Front up";Cupula;galeriamoto/2/furiousrr125Guidecover.jpg;2278;2;;;;;;;;;;
1;"Super Furious RR";"Super Furious RR";;2;"Front up";Cupula;galeriamoto/2/furiousrr125Guidecover.jpg;2279;3;;;;;;;;;;
1;"Super Furious RR";"Super Furious RR";;2;"Front up";Cupula;galeriamoto/2/furiousrr125Guidecover.jpg;2280;4;;;;;;;;;;
1;"Super Furious RR";"Super Furious RR";;2;"Front up";Cupula;galeriamoto/2/furiousrr125Guidecover.jpg;2281;5;;;;;;;;;;
1;"Super Furious RR";"Super Furious RR";;2;"Front up";Cupula;galeriamoto/2/furiousrr125Guidecover.jpg;2282;6;;;;;;;;;;
1;"Super Furious RR";"Super Furious RR";;2;"Front up";Cupula;galeriamoto/2/furiousrr125Guidecover.jpg;2283;7;;;;;;;;;;
1;"Super Furious RR";"Super Furious RR";;2;"Front up";Cupula;galeriamoto/2/furiousrr125Guidecover.jpg;2284;8;;;;;;;;;;
1;"Super Furious RR";"Super Furious RR";;3;Meters;"Cuadro instrumentacion";galeriamoto/3/furiousrr125Meters.jpg;2286;1;;;;;;;;;;
1;"Super Furious RR";"Super Furious RR";;3;Meters;"Cuadro instrumentacion";galeriamoto/3/furiousrr125Meters.jpg;2287;2;;;;;;;;;;
1;"Super Furious RR";"Super Furious RR";;3;Meters;"Cuadro instrumentacion";galeriamoto/3/furiousrr125Meters.jpg;2288;4;;;;;;;;;;
1;"Super Furious RR";"Super Furious RR";;3;Meters;"Cuadro instrumentacion";galeriamoto/3/furiousrr125Meters.jpg;2289;5;;;;;;;;;;
1;"Super Furious RR";"Super Furious RR";;3;Meters;"Cuadro instrumentacion";galeriamoto/3/furiousrr125Meters.jpg;2290;8;;;;;;;;;;
1;"Super Furious RR";"Super Furious RR";;3;Meters;"Cuadro instrumentacion";galeriamoto/3/furiousrr125Meters.jpg;2291;9;;;;;;;;;;
1;"Super Furious RR";"Super Furious RR";;3;Meters;"Cuadro instrumentacion";galeriamoto/3/furiousrr125Meters.jpg;2292;10;;;;;;;;;;
1;"Super Furious RR";"Super Furious RR";;4;Handlebars;"Semi manillares";galeriamoto/4/furiousrr125Handlebars.jpg;2293;1;;;;;;;;;;
1;"Super Furious RR";"Super Furious RR";;4;Handlebars;"Semi manillares";galeriamoto/4/furiousrr125Handlebars.jpg;2294;4;;;;;;;;;;
1;"Super Furious RR";"Super Furious RR";;4;Handlebars;"Semi manillares";galeriamoto/4/furiousrr125Handlebars.jpg;2295;5;;;;;;;;;;
1;"Super Furious RR";"Super Furious RR";;4;Handlebars;"Semi manillares";galeriamoto/4/furiousrr125Handlebars.jpg;2296;6;;;;;;;;;;
1;"Super Furious RR";"Super Furious RR";;4;Handlebars;"Semi manillares";galeriamoto/4/furiousrr125Handlebars.jpg;2297;7;;;;;;;;;;
1;"Super Furious RR";"Super Furious RR";;4;Handlebars;"Semi manillares";galeriamoto/4/furiousrr125Handlebars.jpg;2298;8;;;;;;;;;;
1;"Super Furious RR";"Super Furious RR";;4;Handlebars;"Semi manillares";galeriamoto/4/furiousrr125Handlebars.jpg;2299;9;;;;;;;;;;
1;"Super Furious RR";"Super Furious RR";;4;Handlebars;"Semi manillares";galeriamoto/4/furiousrr125Handlebars.jpg;2300;10;;;;;;;;;;
1;"Super Furious RR";"Super Furious RR";;4;Handlebars;"Semi manillares";galeriamoto/4/furiousrr125Handlebars.jpg;2301;11;;;;;;;;;;
1;"Super Furious RR";"Super Furious RR";;4;Handlebars;"Semi manillares";galeriamoto/4/furiousrr125Handlebars.jpg;2302;13;;;;;;;;;;
1;"Super Furious RR";"Super Furious RR";;4;Handlebars;"Semi manillares";galeriamoto/4/furiousrr125Handlebars.jpg;2303;14;;;;;;;;;;
1;"Super Furious RR";"Super Furious RR";;4;Handlebars;"Semi manillares";galeriamoto/4/furiousrr125Handlebars.jpg;2304;15;;;;;;;;;;
1;"Super Furious RR";"Super Furious RR";;4;Handlebars;"Semi manillares";galeriamoto/4/furiousrr125Handlebars.jpg;2305;16;;;;;;;;;;
1;"Super Furious RR";"Super Furious RR";;4;Handlebars;"Semi manillares";galeriamoto/4/furiousrr125Handlebars.jpg;2306;17;;;;;;;;;;
1;"Super Furious RR";"Super Furious RR";;4;Handlebars;"Semi manillares";galeriamoto/4/furiousrr125Handlebars.jpg;2307;19;;;;;;;;;;
1;"Super Furious RR";"Super Furious RR";;5;"Front Brake Master Cylinder";"Freno delantero";galeriamoto/5/FrontBrakeMasterCilynder.jpg;2308;1;;;;;;;;;;
1;"Super Furious RR";"Super Furious RR";;5;"Front Brake Master Cylinder";"Freno delantero";galeriamoto/5/FrontBrakeMasterCilynder.jpg;2309;2;;;;;;;;;;
1;"Super Furious RR";"Super Furious RR";;5;"Front Brake Master Cylinder";"Freno delantero";galeriamoto/5/FrontBrakeMasterCilynder.jpg;2310;3;;;;;;;;;;
1;"Super Furious RR";"Super Furious RR";;5;"Front Brake Master Cylinder";"Freno delantero";galeriamoto/5/FrontBrakeMasterCilynder.jpg;2311;4;;;;;;;;;;
1;"Super Furious RR";"Super Furious RR";;5;"Front Brake Master Cylinder";"Freno delantero";galeriamoto/5/FrontBrakeMasterCilynder.jpg;2312;7;;;;;;;;;;
1;"Super Furious RR";"Super Furious RR";;6;"Front Fender";"Guardabarros delantero";galeriamoto/6/furiousrr125FrontFender.jpg;2316;1;;;;;;;;;;
1;"Super Furious RR";"Super Furious RR";;6;"Front Fender";"Guardabarros delantero";galeriamoto/6/furiousrr125FrontFender.jpg;2317;2;;;;;;;;;;
1;"Super Furious RR";"Super Furious RR";;6;"Front Fender";"Guardabarros delantero";galeriamoto/6/furiousrr125FrontFender.jpg;2318;3;;;;;;;;;;
1;"Super Furious RR";"Super Furious RR";;6;"Front Fender";"Guardabarros delantero";galeriamoto/6/furiousrr125FrontFender.jpg;2319;6;;;;;;;;;;
1;"Super Furious RR";"Super Furious RR";;6;"Front Fender";"Guardabarros delantero";galeriamoto/6/furiousrr125FrontFender.jpg;2320;7;;;;;;;;;;
1;"Super Furious RR";"Super Furious RR";;6;"Front Fender";"Guardabarros delantero";galeriamoto/6/furiousrr125FrontFender.jpg;2321;8;;;;;;;;;;
1;"Super Furious RR";"Super Furious RR";;6;"Front Fender";"Guardabarros delantero";galeriamoto/6/furiousrr125FrontFender.jpg;2322;11;;;;;;;;;;
1;"Super Furious RR";"Super Furious RR";;6;"Front Fender";"Guardabarros delantero";galeriamoto/6/furiousrr125FrontFender.jpg;2323;12;;;;;;;;;;
1;"Super Furious RR";"Super Furious RR";;7;"Front Shock Absorber Steering Stem";Horquillas;galeriamoto/7/FrontShockAbsorverSteerinSterm.jpg;2324;1;;;;;;;;;;
1;"Super Furious RR";"Super Furious RR";;7;"Front Shock Absorber Steering Stem";Horquillas;galeriamoto/7/FrontShockAbsorverSteerinSterm.jpg;2325;2;;;;;;;;;;
1;"Super Furious RR";"Super Furious RR";;7;"Front Shock Absorber Steering Stem";Horquillas;galeriamoto/7/FrontShockAbsorverSteerinSterm.jpg;2326;3;;;;;;;;;;
1;"Super Furious RR";"Super Furious RR";;7;"Front Shock Absorber Steering Stem";Horquillas;galeriamoto/7/FrontShockAbsorverSteerinSterm.jpg;2327;4;;;;;;;;;;
1;"Super Furious RR";"Super Furious RR";;7;"Front Shock Absorber Steering Stem";Horquillas;galeriamoto/7/FrontShockAbsorverSteerinSterm.jpg;2328;5;;;;;;;;;;
1;"Super Furious RR";"Super Furious RR";;7;"Front Shock Absorber Steering Stem";Horquillas;galeriamoto/7/FrontShockAbsorverSteerinSterm.jpg;2329;7;;;;;;;;;;
1;"Super Furious RR";"Super Furious RR";;7;"Front Shock Absorber Steering Stem";Horquillas;galeriamoto/7/FrontShockAbsorverSteerinSterm.jpg;2330;8;;;;;;;;;;
1;"Super Furious RR";"Super Furious RR";;7;"Front Shock Absorber Steering Stem";Horquillas;galeriamoto/7/FrontShockAbsorverSteerinSterm.jpg;2331;9;;;;;;;;;;
1;"Super Furious RR";"Super Furious RR";;7;"Front Shock Absorber Steering Stem";Horquillas;galeriamoto/7/FrontShockAbsorverSteerinSterm.jpg;2332;10;;;;;;;;;;
1;"Super Furious RR";"Super Furious RR";;7;"Front Shock Absorber Steering Stem";Horquillas;galeriamoto/7/FrontShockAbsorverSteerinSterm.jpg;2333;11;;;;;;;;;;
1;"Super Furious RR";"Super Furious RR";;7;"Front Shock Absorber Steering Stem";Horquillas;galeriamoto/7/FrontShockAbsorverSteerinSterm.jpg;2334;12;;;;;;;;;;
1;"Super Furious RR";"Super Furious RR";;7;"Front Shock Absorber Steering Stem";Horquillas;galeriamoto/7/FrontShockAbsorverSteerinSterm.jpg;2335;13;;;;;;;;;;
1;"Super Furious RR";"Super Furious RR";;7;"Front Shock Absorber Steering Stem";Horquillas;galeriamoto/7/FrontShockAbsorverSteerinSterm.jpg;2336;14;;;;;;;;;;
1;"Super Furious RR";"Super Furious RR";;7;"Front Shock Absorber Steering Stem";Horquillas;galeriamoto/7/FrontShockAbsorverSteerinSterm.jpg;2337;15;;;;;;;;;;
1;"Super Furious RR";"Super Furious RR";;8;"Front Wheel";"Rueda delantera";"galeriamoto/8/rueda delantera.jpg";2338;1;;;;;;;;;;
1;"Super Furious RR";"Super Furious RR";;8;"Front Wheel";"Rueda delantera";"galeriamoto/8/rueda delantera.jpg";2339;2;;;;;;;;;;
1;"Super Furious RR";"Super Furious RR";;8;"Front Wheel";"Rueda delantera";"galeriamoto/8/rueda delantera.jpg";2340;3;;;;;;;;;;
1;"Super Furious RR";"Super Furious RR";;8;"Front Wheel";"Rueda delantera";"galeriamoto/8/rueda delantera.jpg";2341;4;;;;;;;;;;
1;"Super Furious RR";"Super Furious RR";;8;"Front Wheel";"Rueda delantera";"galeriamoto/8/rueda delantera.jpg";2342;5;;;;;;;;;;
1;"Super Furious RR";"Super Furious RR";;8;"Front Wheel";"Rueda delantera";"galeriamoto/8/rueda delantera.jpg";2343;6;;;;;;;;;;
1;"Super Furious RR";"Super Furious RR";;8;"Front Wheel";"Rueda delantera";"galeriamoto/8/rueda delantera.jpg";2344;7;;;;;;;;;;
1;"Super Furious RR";"Super Furious RR";;8;"Front Wheel";"Rueda delantera";"galeriamoto/8/rueda delantera.jpg";2345;9;;;;;;;;;;
1;"Super Furious RR";"Super Furious RR";;9;"Rear Brake Main Cylinder";"Freno trasero";galeriamoto/9/furiousrr125RearBrakeMainCylinder.jpg;2347;1;;;;;;;;;;
1;"Super Furious RR";"Super Furious RR";;9;"Rear Brake Main Cylinder";"Freno trasero";galeriamoto/9/furiousrr125RearBrakeMainCylinder.jpg;2348;2;;;;;;;;;;
1;"Super Furious RR";"Super Furious RR";;9;"Rear Brake Main Cylinder";"Freno trasero";galeriamoto/9/furiousrr125RearBrakeMainCylinder.jpg;2349;3;;;;;;;;;;
1;"Super Furious RR";"Super Furious RR";;9;"Rear Brake Main Cylinder";"Freno trasero";galeriamoto/9/furiousrr125RearBrakeMainCylinder.jpg;2350;4;;;;;;;;;;
1;"Super Furious RR";"Super Furious RR";;9;"Rear Brake Main Cylinder";"Freno trasero";galeriamoto/9/furiousrr125RearBrakeMainCylinder.jpg;2351;2.1;;;;;;;;;;
1;"Super Furious RR";"Super Furious RR";;10;"Rear Wheel Assy";"Rueda  trasera super furious";galeriamoto/10/furiousrr125RearWheelAssy.jpg;2354;1;;;;;;;;;;
1;"Super Furious RR";"Super Furious RR";;10;"Rear Wheel Assy";"Rueda  trasera super furious";galeriamoto/10/furiousrr125RearWheelAssy.jpg;2355;2;;;;;;;;;;
1;"Super Furious RR";"Super Furious RR";;10;"Rear Wheel Assy";"Rueda  trasera super furious";galeriamoto/10/furiousrr125RearWheelAssy.jpg;2356;3;;;;;;;;;;
1;"Super Furious RR";"Super Furious RR";;10;"Rear Wheel Assy";"Rueda  trasera super furious";galeriamoto/10/furiousrr125RearWheelAssy.jpg;2357;4;;;;;;;;;;
1;"Super Furious RR";"Super Furious RR";;10;"Rear Wheel Assy";"Rueda  trasera super furious";galeriamoto/10/furiousrr125RearWheelAssy.jpg;2358;5;;;;;;;;;;
1;"Super Furious RR";"Super Furious RR";;10;"Rear Wheel Assy";"Rueda  trasera super furious";galeriamoto/10/furiousrr125RearWheelAssy.jpg;2359;6;;;;;;;;;;
1;"Super Furious RR";"Super Furious RR";;10;"Rear Wheel Assy";"Rueda  trasera super furious";galeriamoto/10/furiousrr125RearWheelAssy.jpg;2360;7;;;;;;;;;;
1;"Super Furious RR";"Super Furious RR";;10;"Rear Wheel Assy";"Rueda  trasera super furious";galeriamoto/10/furiousrr125RearWheelAssy.jpg;2361;10;;;;;;;;;;
1;"Super Furious RR";"Super Furious RR";;10;"Rear Wheel Assy";"Rueda  trasera super furious";galeriamoto/10/furiousrr125RearWheelAssy.jpg;2363;12;;;;;;;;;;
1;"Super Furious RR";"Super Furious RR";;10;"Rear Wheel Assy";"Rueda  trasera super furious";galeriamoto/10/furiousrr125RearWheelAssy.jpg;2364;13;;;;;;;;;;
1;"Super Furious RR";"Super Furious RR";;11;"Fuel Tank";"Deposito y filtros";galeriamoto/11/5749.jpg.png;2365;2;;;;;;;;;;
1;"Super Furious RR";"Super Furious RR";;11;"Fuel Tank";"Deposito y filtros";galeriamoto/11/5749.jpg.png;2366;3;;;;;;;;;;
1;"Super Furious RR";"Super Furious RR";;11;"Fuel Tank";"Deposito y filtros";galeriamoto/11/5749.jpg.png;2367;4;;;;;;;;;;
1;"Super Furious RR";"Super Furious RR";;11;"Fuel Tank";"Deposito y filtros";galeriamoto/11/5749.jpg.png;2368;5;;;;;;;;;;
1;"Super Furious RR";"Super Furious RR";;11;"Fuel Tank";"Deposito y filtros";galeriamoto/11/5749.jpg.png;2369;6;;;;;;;;;;
1;"Super Furious RR";"Super Furious RR";;11;"Fuel Tank";"Deposito y filtros";galeriamoto/11/5749.jpg.png;2370;8;;;;;;;;;;
1;"Super Furious RR";"Super Furious RR";;11;"Fuel Tank";"Deposito y filtros";galeriamoto/11/5749.jpg.png;2371;9;;;;;;;;;;
1;"Super Furious RR";"Super Furious RR";;11;"Fuel Tank";"Deposito y filtros";galeriamoto/11/5749.jpg.png;2372;10;;;;;;;;;;
1;"Super Furious RR";"Super Furious RR";;11;"Fuel Tank";"Deposito y filtros";galeriamoto/11/5749.jpg.png;2373;11;;;;;;;;;;
1;"Super Furious RR";"Super Furious RR";;11;"Fuel Tank";"Deposito y filtros";galeriamoto/11/5749.jpg.png;2374;12;;;;;;;;;;
1;"Super Furious RR";"Super Furious RR";;11;"Fuel Tank";"Deposito y filtros";galeriamoto/11/5749.jpg.png;2375;13;;;;;;;;;;
1;"Super Furious RR";"Super Furious RR";;11;"Fuel Tank";"Deposito y filtros";galeriamoto/11/5749.jpg.png;2376;15;;;;;;;;;;
1;"Super Furious RR";"Super Furious RR";;11;"Fuel Tank";"Deposito y filtros";galeriamoto/11/5749.jpg.png;2377;16;;;;;;;;;;
1;"Super Furious RR";"Super Furious RR";;12;"Seat rider";Asientos;galeriamoto/12/furiousrr125Seat1.jpg;2379;1;;;;;;;;;;
1;"Super Furious RR";"Super Furious RR";;12;"Seat rider";Asientos;galeriamoto/12/furiousrr125Seat1.jpg;2380;2;;;;;;;;;;
1;"Super Furious RR";"Super Furious RR";;12;"Seat rider";Asientos;galeriamoto/12/furiousrr125Seat1.jpg;2381;3;;;;;;;;;;
1;"Super Furious RR";"Super Furious RR";;12;"Seat rider";Asientos;galeriamoto/12/furiousrr125Seat1.jpg;2382;6;;;;;;;;;;
1;"Super Furious RR";"Super Furious RR";;12;"Seat rider";Asientos;galeriamoto/12/furiousrr125Seat1.jpg;2383;7;;;;;;;;;;
1;"Super Furious RR";"Super Furious RR";;12;"Seat rider";Asientos;galeriamoto/12/furiousrr125Seat1.jpg;2384;8;;;;;;;;;;
1;"Super Furious RR";"Super Furious RR";;12;"Seat rider";Asientos;galeriamoto/12/furiousrr125Seat1.jpg;2385;9;;;;;;;;;;
1;"Super Furious RR";"Super Furious RR";;12;"Seat rider";Asientos;galeriamoto/12/furiousrr125Seat1.jpg;2386;10;;;;;;;;;;
1;"Super Furious RR";"Super Furious RR";;12;"Seat rider";Asientos;galeriamoto/12/furiousrr125Seat1.jpg;2387;11;;;;;;;;;;
1;"Super Furious RR";"Super Furious RR";;12;"Seat rider";Asientos;galeriamoto/12/furiousrr125Seat1.jpg;2388;12;;;;;;;;;;
1;"Super Furious RR";"Super Furious RR";;12;"Seat rider";Asientos;galeriamoto/12/furiousrr125Seat1.jpg;2389;13;;;;;;;;;;
1;"Super Furious RR";"Super Furious RR";;13;"Seat 2";"Asiento trasero";galeriamoto/13/furiousrr125Seat2.jpg;2390;1;;;;;;;;;;
1;"Super Furious RR";"Super Furious RR";;13;"Seat 2";"Asiento trasero";galeriamoto/13/furiousrr125Seat2.jpg;2391;3;;;;;;;;;;
1;"Super Furious RR";"Super Furious RR";;13;"Seat 2";"Asiento trasero";galeriamoto/13/furiousrr125Seat2.jpg;2392;4;;;;;;;;;;
1;"Super Furious RR";"Super Furious RR";;13;"Seat 2";"Asiento trasero";galeriamoto/13/furiousrr125Seat2.jpg;2393;7;;;;;;;;;;
1;"Super Furious RR";"Super Furious RR";;13;"Seat 2";"Asiento trasero";galeriamoto/13/furiousrr125Seat2.jpg;2394;8;;;;;;;;;;
1;"Super Furious RR";"Super Furious RR";;14;"Rear Cover";"Carenado trasero";galeriamoto/14/furiousrr125RearCover.jpg;2395;1;;;;;;;;;;
1;"Super Furious RR";"Super Furious RR";;14;"Rear Cover";"Carenado trasero";galeriamoto/14/furiousrr125RearCover.jpg;2396;2;;;;;;;;;;
1;"Super Furious RR";"Super Furious RR";;14;"Rear Cover";"Carenado trasero";galeriamoto/14/furiousrr125RearCover.jpg;2397;4;;;;;;;;;;
1;"Super Furious RR";"Super Furious RR";;14;"Rear Cover";"Carenado trasero";galeriamoto/14/furiousrr125RearCover.jpg;2398;5;;;;;;;;;;
1;"Super Furious RR";"Super Furious RR";;14;"Rear Cover";"Carenado trasero";galeriamoto/14/furiousrr125RearCover.jpg;2399;6;;;;;;;;;;
1;"Super Furious RR";"Super Furious RR";;14;"Rear Cover";"Carenado trasero";galeriamoto/14/furiousrr125RearCover.jpg;2400;7;;;;;;;;;;
1;"Super Furious RR";"Super Furious RR";;14;"Rear Cover";"Carenado trasero";galeriamoto/14/furiousrr125RearCover.jpg;2401;8;;;;;;;;;;
1;"Super Furious RR";"Super Furious RR";;15;"Air Cleaner";"Filtro de aire";galeriamoto/15/furiousrr125AirCleaner.jpg;2402;1;;;;;;;;;;
1;"Super Furious RR";"Super Furious RR";;15;"Air Cleaner";"Filtro de aire";galeriamoto/15/furiousrr125AirCleaner.jpg;2403;2;;;;;;;;;;
1;"Super Furious RR";"Super Furious RR";;15;"Air Cleaner";"Filtro de aire";galeriamoto/15/furiousrr125AirCleaner.jpg;2404;4;;;;;;;;;;
1;"Super Furious RR";"Super Furious RR";;16;"Exhaust Muffler";"Sistema de escape";galeriamoto/16/furiousrr125ExhaustMuffler.jpg;2405;1;;;;;;;;;;
1;"Super Furious RR";"Super Furious RR";;16;"Exhaust Muffler";"Sistema de escape";galeriamoto/16/furiousrr125ExhaustMuffler.jpg;2406;2;;;;;;;;;;
1;"Super Furious RR";"Super Furious RR";;16;"Exhaust Muffler";"Sistema de escape";galeriamoto/16/furiousrr125ExhaustMuffler.jpg;2407;8;;;;;;;;;;
1;"Super Furious RR";"Super Furious RR";;16;"Exhaust Muffler";"Sistema de escape";galeriamoto/16/furiousrr125ExhaustMuffler.jpg;2408;9;;;;;;;;;;
1;"Super Furious RR";"Super Furious RR";;17;Footrest;Reposapies;galeriamoto/17/furiousrr125Footrest.jpg;2409;1;;;;;;;;;;
1;"Super Furious RR";"Super Furious RR";;17;Footrest;Reposapies;galeriamoto/17/furiousrr125Footrest.jpg;2410;2;;;;;;;;;;
1;"Super Furious RR";"Super Furious RR";;17;Footrest;Reposapies;galeriamoto/17/furiousrr125Footrest.jpg;2411;3;;;;;;;;;;
1;"Super Furious RR";"Super Furious RR";;17;Footrest;Reposapies;galeriamoto/17/furiousrr125Footrest.jpg;2412;7;;;;;;;;;;
1;"Super Furious RR";"Super Furious RR";;17;Footrest;Reposapies;galeriamoto/17/furiousrr125Footrest.jpg;2413;9;;;;;;;;;;
1;"Super Furious RR";"Super Furious RR";;17;Footrest;Reposapies;galeriamoto/17/furiousrr125Footrest.jpg;2414;10;;;;;;;;;;
1;"Super Furious RR";"Super Furious RR";;17;Footrest;Reposapies;galeriamoto/17/furiousrr125Footrest.jpg;2415;11;;;;;;;;;;
1;"Super Furious RR";"Super Furious RR";;17;Footrest;Reposapies;galeriamoto/17/furiousrr125Footrest.jpg;2416;12;;;;;;;;;;
1;"Super Furious RR";"Super Furious RR";;17;Footrest;Reposapies;galeriamoto/17/furiousrr125Footrest.jpg;2417;14;;;;;;;;;;
1;"Super Furious RR";"Super Furious RR";;17;Footrest;Reposapies;galeriamoto/17/furiousrr125Footrest.jpg;2418;15;;;;;;;;;;
1;"Super Furious RR";"Super Furious RR";;17;Footrest;Reposapies;galeriamoto/17/furiousrr125Footrest.jpg;2419;16;;;;;;;;;;
1;"Super Furious RR";"Super Furious RR";;17;Footrest;Reposapies;galeriamoto/17/furiousrr125Footrest.jpg;2420;17;;;;;;;;;;
1;"Super Furious RR";"Super Furious RR";;17;Footrest;Reposapies;galeriamoto/17/furiousrr125Footrest.jpg;2421;18;;;;;;;;;;
1;"Super Furious RR";"Super Furious RR";;17;Footrest;Reposapies;galeriamoto/17/furiousrr125Footrest.jpg;2422;19;;;;;;;;;;
1;"Super Furious RR";"Super Furious RR";;17;Footrest;Reposapies;galeriamoto/17/furiousrr125Footrest.jpg;2423;20;;;;;;;;;;
1;"Super Furious RR";"Super Furious RR";;17;Footrest;Reposapies;galeriamoto/17/furiousrr125Footrest.jpg;2424;21;;;;;;;;;;
1;"Super Furious RR";"Super Furious RR";;17;Footrest;Reposapies;galeriamoto/17/furiousrr125Footrest.jpg;2425;22;;;;;;;;;;
1;"Super Furious RR";"Super Furious RR";;17;Footrest;Reposapies;galeriamoto/17/furiousrr125Footrest.jpg;2426;24;;;;;;;;;;
1;"Super Furious RR";"Super Furious RR";;17;Footrest;Reposapies;galeriamoto/17/furiousrr125Footrest.jpg;2427;25;;;;;;;;;;
1;"Super Furious RR";"Super Furious RR";;17;Footrest;Reposapies;galeriamoto/17/furiousrr125Footrest.jpg;2428;27;;;;;;;;;;
1;"Super Furious RR";"Super Furious RR";;17;Footrest;Reposapies;galeriamoto/17/furiousrr125Footrest.jpg;2429;28;;;;;;;;;;
1;"Super Furious RR";"Super Furious RR";;17;Footrest;Reposapies;galeriamoto/17/furiousrr125Footrest.jpg;2430;29;;;;;;;;;;
1;"Super Furious RR";"Super Furious RR";;17;Footrest;Reposapies;galeriamoto/17/furiousrr125Footrest.jpg;2431;30;;;;;;;;;;
1;"Super Furious RR";"Super Furious RR";;17;Footrest;Reposapies;galeriamoto/17/furiousrr125Footrest.jpg;2432;31;;;;;;;;;;
1;"Super Furious RR";"Super Furious RR";;17;Footrest;Reposapies;galeriamoto/17/furiousrr125Footrest.jpg;2433;32;;;;;;;;;;
1;"Super Furious RR";"Super Furious RR";;17;Footrest;Reposapies;galeriamoto/17/furiousrr125Footrest.jpg;2434;33;;;;;;;;;;
1;"Super Furious RR";"Super Furious RR";;17;Footrest;Reposapies;galeriamoto/17/furiousrr125Footrest.jpg;2435;34;;;;;;;;;;
1;"Super Furious RR";"Super Furious RR";;17;Footrest;Reposapies;galeriamoto/17/furiousrr125Footrest.jpg;2436;35;;;;;;;;;;
1;"Super Furious RR";"Super Furious RR";;17;Footrest;Reposapies;galeriamoto/17/furiousrr125Footrest.jpg;2437;36;;;;;;;;;;
1;"Super Furious RR";"Super Furious RR";;17;Footrest;Reposapies;galeriamoto/17/furiousrr125Footrest.jpg;2438;37;;;;;;;;;;
1;"Super Furious RR";"Super Furious RR";;17;Footrest;Reposapies;galeriamoto/17/furiousrr125Footrest.jpg;2439;38;;;;;;;;;;
1;"Super Furious RR";"Super Furious RR";;17;Footrest;Reposapies;galeriamoto/17/furiousrr125Footrest.jpg;2440;39;;;;;;;;;;
1;"Super Furious RR";"Super Furious RR";;18;"Side Stand";"Pata lateral";galeriamoto/18/furiousrr125SideStand.jpg;2441;1;;;;;;;;;;
1;"Super Furious RR";"Super Furious RR";;18;"Side Stand";"Pata lateral";galeriamoto/18/furiousrr125SideStand.jpg;2442;4;;;;;;;;;;
1;"Super Furious RR";"Super Furious RR";;18;"Side Stand";"Pata lateral";galeriamoto/18/furiousrr125SideStand.jpg;2443;5;;;;;;;;;;
1;"Super Furious RR";"Super Furious RR";;19;"Rear Fork";Basculante;galeriamoto/19/furiousrr125RearFork.jpg;2444;1;;;;;;;;;;
1;"Super Furious RR";"Super Furious RR";;19;"Rear Fork";Basculante;galeriamoto/19/furiousrr125RearFork.jpg;2445;3;;;;;;;;;;
1;"Super Furious RR";"Super Furious RR";;19;"Rear Fork";Basculante;galeriamoto/19/furiousrr125RearFork.jpg;2446;5;;;;;;;;;;
1;"Super Furious RR";"Super Furious RR";;19;"Rear Fork";Basculante;galeriamoto/19/furiousrr125RearFork.jpg;2447;6;;;;;;;;;;
1;"Super Furious RR";"Super Furious RR";;19;"Rear Fork";Basculante;galeriamoto/19/furiousrr125RearFork.jpg;2450;9;;;;;;;;;;
1;"Super Furious RR";"Super Furious RR";;19;"Rear Fork";Basculante;galeriamoto/19/furiousrr125RearFork.jpg;2451;10;;;;;;;;;;
1;"Super Furious RR";"Super Furious RR";;20;"Rear Shock Absorber";"Amortiguador trasero";galeriamoto/20/amortiguador.jpg;2452;1;;;;;;;;;;
1;"Super Furious RR";"Super Furious RR";;20;"Rear Shock Absorber";"Amortiguador trasero";galeriamoto/20/amortiguador.jpg;2453;2;;;;;;;;;;
1;"Super Furious RR";"Super Furious RR";;20;"Rear Shock Absorber";"Amortiguador trasero";galeriamoto/20/amortiguador.jpg;2454;3;;;;;;;;;;
1;"Super Furious RR";"Super Furious RR";;21;"Rear Fender";"Guardabarros trasero";galeriamoto/21/furiousrr125RearFender.jpg;2455;1;;;;;;;;;;
1;"Super Furious RR";"Super Furious RR";;21;"Rear Fender";"Guardabarros trasero";galeriamoto/21/furiousrr125RearFender.jpg;2456;2;;;;;;;;;;
1;"Super Furious RR";"Super Furious RR";;21;"Rear Fender";"Guardabarros trasero";galeriamoto/21/furiousrr125RearFender.jpg;2457;4;;;;;;;;;;
1;"Super Furious RR";"Super Furious RR";;21;"Rear Fender";"Guardabarros trasero";galeriamoto/21/furiousrr125RearFender.jpg;2458;5;;;;;;;;;;
1;"Super Furious RR";"Super Furious RR";;21;"Rear Fender";"Guardabarros trasero";galeriamoto/21/furiousrr125RearFender.jpg;2459;7;;;;;;;;;;
1;"Super Furious RR";"Super Furious RR";;21;"Rear Fender";"Guardabarros trasero";galeriamoto/21/furiousrr125RearFender.jpg;2460;8;;;;;;;;;;
1;"Super Furious RR";"Super Furious RR";;21;"Rear Fender";"Guardabarros trasero";galeriamoto/21/furiousrr125RearFender.jpg;2461;9;;;;;;;;;;
1;"Super Furious RR";"Super Furious RR";;21;"Rear Fender";"Guardabarros trasero";galeriamoto/21/furiousrr125RearFender.jpg;2462;10;;;;;;;;;;
1;"Super Furious RR";"Super Furious RR";;21;"Rear Fender";"Guardabarros trasero";galeriamoto/21/furiousrr125RearFender.jpg;2463;13;;;;;;;;;;
1;"Super Furious RR";"Super Furious RR";;21;"Rear Fender";"Guardabarros trasero";galeriamoto/21/furiousrr125RearFender.jpg;2464;14;;;;;;;;;;
1;"Super Furious RR";"Super Furious RR";;22;"Taillight Assy";"Conjunto de luces traseras";galeriamoto/22/furiousrr125TaillightAssy.jpg;2465;1;;;;;;;;;;
1;"Super Furious RR";"Super Furious RR";;23;"Main Cables";"Sistema electrico";galeriamoto/23/furiousrr125MainCables.jpg;2466;1;;;;;;;;;;
1;"Super Furious RR";"Super Furious RR";;23;"Main Cables";"Sistema electrico";galeriamoto/23/furiousrr125MainCables.jpg;2467;2;;;;;;;;;;
1;"Super Furious RR";"Super Furious RR";;23;"Main Cables";"Sistema electrico";galeriamoto/23/furiousrr125MainCables.jpg;2468;3;;;;;;;;;;
1;"Super Furious RR";"Super Furious RR";;23;"Main Cables";"Sistema electrico";galeriamoto/23/furiousrr125MainCables.jpg;2469;5;;;;;;;;;;
1;"Super Furious RR";"Super Furious RR";;23;"Main Cables";"Sistema electrico";galeriamoto/23/furiousrr125MainCables.jpg;2470;7;;;;;;;;;;
1;"Super Furious RR";"Super Furious RR";;23;"Main Cables";"Sistema electrico";galeriamoto/23/furiousrr125MainCables.jpg;2471;9;;;;;;;;;;
1;"Super Furious RR";"Super Furious RR";;23;"Main Cables";"Sistema electrico";galeriamoto/23/furiousrr125MainCables.jpg;2473;11;;;;;;;;;;
1;"Super Furious RR";"Super Furious RR";;23;"Main Cables";"Sistema electrico";galeriamoto/23/furiousrr125MainCables.jpg;2474;12;;;;;;;;;;
1;"Super Furious RR";"Super Furious RR";;23;"Main Cables";"Sistema electrico";galeriamoto/23/furiousrr125MainCables.jpg;2475;14;;;;;;;;;;
1;"Super Furious RR";"Super Furious RR";;23;"Main Cables";"Sistema electrico";galeriamoto/23/furiousrr125MainCables.jpg;2476;16;;;;;;;;;;
1;"Super Furious RR";"Super Furious RR";;23;"Main Cables";"Sistema electrico";galeriamoto/23/furiousrr125MainCables.jpg;2477;17;;;;;;;;;;
1;"Super Furious RR";"Super Furious RR";;23;"Main Cables";"Sistema electrico";galeriamoto/23/furiousrr125MainCables.jpg;2480;20;;;;;;;;;;
1;"Super Furious RR";"Super Furious RR";;23;"Main Cables";"Sistema electrico";galeriamoto/23/furiousrr125MainCables.jpg;2482;22;;;;;;;;;;
1;"Super Furious RR";"Super Furious RR";;23;"Main Cables";"Sistema electrico";galeriamoto/23/furiousrr125MainCables.jpg;2484;24;;;;;;;;;;
1;"Super Furious RR";"Super Furious RR";;23;"Main Cables";"Sistema electrico";galeriamoto/23/furiousrr125MainCables.jpg;2485;27;;;;;;;;;;
1;"Super Furious RR";"Super Furious RR";;23;"Main Cables";"Sistema electrico";galeriamoto/23/furiousrr125MainCables.jpg;2486;28;;;;;;;;;;
1;"Super Furious RR";"Super Furious RR";;24;"Lower Fairing";"Carenado delantero";galeriamoto/24/furiousrr125LowerFairing.jpg;2487;1;;;;;;;;;;
1;"Super Furious RR";"Super Furious RR";;24;"Lower Fairing";"Carenado delantero";galeriamoto/24/furiousrr125LowerFairing.jpg;2488;3;;;;;;;;;;
1;"Super Furious RR";"Super Furious RR";;24;"Lower Fairing";"Carenado delantero";galeriamoto/24/furiousrr125LowerFairing.jpg;2489;5;;;;;;;;;;
1;"Super Furious RR";"Super Furious RR";;24;"Lower Fairing";"Carenado delantero";galeriamoto/24/furiousrr125LowerFairing.jpg;2490;6;;;;;;;;;;
1;"Super Furious RR";"Super Furious RR";;24;"Lower Fairing";"Carenado delantero";galeriamoto/24/furiousrr125LowerFairing.jpg;2491;7;;;;;;;;;;
1;"Super Furious RR";"Super Furious RR";;24;"Lower Fairing";"Carenado delantero";galeriamoto/24/furiousrr125LowerFairing.jpg;2492;9;;;;;;;;;;
1;"Super Furious RR";"Super Furious RR";;24;"Lower Fairing";"Carenado delantero";galeriamoto/24/furiousrr125LowerFairing.jpg;2498;17;;;;;;;;;;
1;"Super Furious RR";"Super Furious RR";;24;"Lower Fairing";"Carenado delantero";galeriamoto/24/furiousrr125LowerFairing.jpg;2499;18;;;;;;;;;;
2;"Scooter MCT";"Scooter MCT";;25;"Frame Body";Chasis;galeriamoto/25/scootermctFrameBody.jpg;2500;1;;;;;;;;;;
2;"Scooter MCT";"Scooter MCT";;25;"Frame Body";Chasis;galeriamoto/25/scootermctFrameBody.jpg;2501;2;;;;;;;;;;
2;"Scooter MCT";"Scooter MCT";;25;"Frame Body";Chasis;galeriamoto/25/scootermctFrameBody.jpg;2502;3;;;;;;;;;;
2;"Scooter MCT";"Scooter MCT";;25;"Frame Body";Chasis;galeriamoto/25/scootermctFrameBody.jpg;2503;4;;;;;;;;;;
2;"Scooter MCT";"Scooter MCT";;25;"Frame Body";Chasis;galeriamoto/25/scootermctFrameBody.jpg;2504;5;;;;;;;;;;
2;"Scooter MCT";"Scooter MCT";;25;"Frame Body";Chasis;galeriamoto/25/scootermctFrameBody.jpg;2505;6;;;;;;;;;;
2;"Scooter MCT";"Scooter MCT";;25;"Frame Body";Chasis;galeriamoto/25/scootermctFrameBody.jpg;2506;7;;;;;;;;;;
2;"Scooter MCT";"Scooter MCT";;25;"Frame Body";Chasis;galeriamoto/25/scootermctFrameBody.jpg;2507;8;;;;;;;;;;
2;"Scooter MCT";"Scooter MCT";;25;"Frame Body";Chasis;galeriamoto/25/scootermctFrameBody.jpg;2508;9;;;;;;;;;;
2;"Scooter MCT";"Scooter MCT";;25;"Frame Body";Chasis;galeriamoto/25/scootermctFrameBody.jpg;2509;10;;;;;;;;;;
2;"Scooter MCT";"Scooter MCT";;25;"Frame Body";Chasis;galeriamoto/25/scootermctFrameBody.jpg;2510;11;;;;;;;;;;
2;"Scooter MCT";"Scooter MCT";;25;"Frame Body";Chasis;galeriamoto/25/scootermctFrameBody.jpg;2511;12;;;;;;;;;;
2;"Scooter MCT";"Scooter MCT";;25;"Frame Body";Chasis;galeriamoto/25/scootermctFrameBody.jpg;2512;13;;;;;;;;;;
2;"Scooter MCT";"Scooter MCT";;25;"Frame Body";Chasis;galeriamoto/25/scootermctFrameBody.jpg;2513;14;;;;;;;;;;
2;"Scooter MCT";"Scooter MCT";;25;"Frame Body";Chasis;galeriamoto/25/scootermctFrameBody.jpg;2514;15;;;;;;;;;;
2;"Scooter MCT";"Scooter MCT";;25;"Frame Body";Chasis;galeriamoto/25/scootermctFrameBody.jpg;2515;16;;;;;;;;;;
2;"Scooter MCT";"Scooter MCT";;25;"Frame Body";Chasis;galeriamoto/25/scootermctFrameBody.jpg;2516;17;;;;;;;;;;
2;"Scooter MCT";"Scooter MCT";;26;Fender;"Guardabarros delantero";galeriamoto/26/scootermctFender.jpg;2517;1;;;;;;;;;;
2;"Scooter MCT";"Scooter MCT";;26;Fender;"Guardabarros delantero";galeriamoto/26/scootermctFender.jpg;2518;1;;;;;;;;;;
2;"Scooter MCT";"Scooter MCT";;26;Fender;"Guardabarros delantero";galeriamoto/26/scootermctFender.jpg;2519;1;;;;;;;;;;
2;"Scooter MCT";"Scooter MCT";;26;Fender;"Guardabarros delantero";galeriamoto/26/scootermctFender.jpg;2520;2;;;;;;;;;;
2;"Scooter MCT";"Scooter MCT";;26;Fender;"Guardabarros delantero";galeriamoto/26/scootermctFender.jpg;2521;3;;;;;;;;;;
2;"Scooter MCT";"Scooter MCT";;26;Fender;"Guardabarros delantero";galeriamoto/26/scootermctFender.jpg;2522;4;;;;;;;;;;
2;"Scooter MCT";"Scooter MCT";;26;Fender;"Guardabarros delantero";galeriamoto/26/scootermctFender.jpg;2523;5;;;;;;;;;;
2;"Scooter MCT";"Scooter MCT";;26;Fender;"Guardabarros delantero";galeriamoto/26/scootermctFender.jpg;2524;6;;;;;;;;;;
2;"Scooter MCT";"Scooter MCT";;26;Fender;"Guardabarros delantero";galeriamoto/26/scootermctFender.jpg;2525;7;;;;;;;;;;
2;"Scooter MCT";"Scooter MCT";;26;Fender;"Guardabarros delantero";galeriamoto/26/scootermctFender.jpg;2526;8;;;;;;;;;;
2;"Scooter MCT";"Scooter MCT";;26;Fender;"Guardabarros delantero";galeriamoto/26/scootermctFender.jpg;2527;9;;;;;;;;;;
2;"Scooter MCT";"Scooter MCT";;27;"Body Cover";"Plasticas traseras";galeriamoto/27/scootermctBodyCover.jpg;2528;1;;;;;;;;;;
2;"Scooter MCT";"Scooter MCT";;27;"Body Cover";"Plasticas traseras";galeriamoto/27/scootermctBodyCover.jpg;2529;2;;;;;;;;;;
2;"Scooter MCT";"Scooter MCT";;27;"Body Cover";"Plasticas traseras";galeriamoto/27/scootermctBodyCover.jpg;2530;3;;;;;;;;;;
2;"Scooter MCT";"Scooter MCT";;27;"Body Cover";"Plasticas traseras";galeriamoto/27/scootermctBodyCover.jpg;2531;4;;;;;;;;;;
2;"Scooter MCT";"Scooter MCT";;27;"Body Cover";"Plasticas traseras";galeriamoto/27/scootermctBodyCover.jpg;2532;4;;;;;;;;;;
2;"Scooter MCT";"Scooter MCT";;27;"Body Cover";"Plasticas traseras";galeriamoto/27/scootermctBodyCover.jpg;2533;4;;;;;;;;;;
2;"Scooter MCT";"Scooter MCT";;27;"Body Cover";"Plasticas traseras";galeriamoto/27/scootermctBodyCover.jpg;2534;5;;;;;;;;;;
2;"Scooter MCT";"Scooter MCT";;27;"Body Cover";"Plasticas traseras";galeriamoto/27/scootermctBodyCover.jpg;2535;5;;;;;;;;;;
2;"Scooter MCT";"Scooter MCT";;27;"Body Cover";"Plasticas traseras";galeriamoto/27/scootermctBodyCover.jpg;2536;5;;;;;;;;;;
2;"Scooter MCT";"Scooter MCT";;27;"Body Cover";"Plasticas traseras";galeriamoto/27/scootermctBodyCover.jpg;2537;6;;;;;;;;;;
2;"Scooter MCT";"Scooter MCT";;27;"Body Cover";"Plasticas traseras";galeriamoto/27/scootermctBodyCover.jpg;2538;6;;;;;;;;;;
2;"Scooter MCT";"Scooter MCT";;27;"Body Cover";"Plasticas traseras";galeriamoto/27/scootermctBodyCover.jpg;2539;6;;;;;;;;;;
2;"Scooter MCT";"Scooter MCT";;27;"Body Cover";"Plasticas traseras";galeriamoto/27/scootermctBodyCover.jpg;2540;7;;;;;;;;;;
2;"Scooter MCT";"Scooter MCT";;27;"Body Cover";"Plasticas traseras";galeriamoto/27/scootermctBodyCover.jpg;2541;8;;;;;;;;;;
2;"Scooter MCT";"Scooter MCT";;27;"Body Cover";"Plasticas traseras";galeriamoto/27/scootermctBodyCover.jpg;2542;8;;;;;;;;;;
2;"Scooter MCT";"Scooter MCT";;27;"Body Cover";"Plasticas traseras";galeriamoto/27/scootermctBodyCover.jpg;2543;8;;;;;;;;;;
2;"Scooter MCT";"Scooter MCT";;27;"Body Cover";"Plasticas traseras";galeriamoto/27/scootermctBodyCover.jpg;2544;9;;;;;;;;;;
2;"Scooter MCT";"Scooter MCT";;27;"Body Cover";"Plasticas traseras";galeriamoto/27/scootermctBodyCover.jpg;2545;9;;;;;;;;;;
2;"Scooter MCT";"Scooter MCT";;27;"Body Cover";"Plasticas traseras";galeriamoto/27/scootermctBodyCover.jpg;2546;9;;;;;;;;;;
2;"Scooter MCT";"Scooter MCT";;27;"Body Cover";"Plasticas traseras";galeriamoto/27/scootermctBodyCover.jpg;2547;10;;;;;;;;;;
2;"Scooter MCT";"Scooter MCT";;27;"Body Cover";"Plasticas traseras";galeriamoto/27/scootermctBodyCover.jpg;2548;11;;;;;;;;;;
2;"Scooter MCT";"Scooter MCT";;27;"Body Cover";"Plasticas traseras";galeriamoto/27/scootermctBodyCover.jpg;2549;12;;;;;;;;;;
2;"Scooter MCT";"Scooter MCT";;27;"Body Cover";"Plasticas traseras";galeriamoto/27/scootermctBodyCover.jpg;2550;13;;;;;;;;;;
2;"Scooter MCT";"Scooter MCT";;27;"Body Cover";"Plasticas traseras";galeriamoto/27/scootermctBodyCover.jpg;2551;14;;;;;;;;;;
2;"Scooter MCT";"Scooter MCT";;27;"Body Cover";"Plasticas traseras";galeriamoto/27/scootermctBodyCover.jpg;2552;15;;;;;;;;;;
2;"Scooter MCT";"Scooter MCT";;27;"Body Cover";"Plasticas traseras";galeriamoto/27/scootermctBodyCover.jpg;2553;16;;;;;;;;;;
2;"Scooter MCT";"Scooter MCT";;28;"Rear Shock Absorber";"Amortiguador trasero";galeriamoto/28/scootermctRearShockAbsorber.jpg;2554;1;;;;;;;;;;
2;"Scooter MCT";"Scooter MCT";;28;"Rear Shock Absorber";"Amortiguador trasero";galeriamoto/28/scootermctRearShockAbsorber.jpg;2555;2;;;;;;;;;;
2;"Scooter MCT";"Scooter MCT";;28;"Rear Shock Absorber";"Amortiguador trasero";galeriamoto/28/scootermctRearShockAbsorber.jpg;2556;3;;;;;;;;;;
2;"Scooter MCT";"Scooter MCT";;28;"Rear Shock Absorber";"Amortiguador trasero";galeriamoto/28/scootermctRearShockAbsorber.jpg;2557;4;;;;;;;;;;
2;"Scooter MCT";"Scooter MCT";;28;"Rear Shock Absorber";"Amortiguador trasero";galeriamoto/28/scootermctRearShockAbsorber.jpg;2558;5;;;;;;;;;;
2;"Scooter MCT";"Scooter MCT";;28;"Rear Shock Absorber";"Amortiguador trasero";galeriamoto/28/scootermctRearShockAbsorber.jpg;2559;6;;;;;;;;;;
2;"Scooter MCT";"Scooter MCT";;28;"Rear Shock Absorber";"Amortiguador trasero";galeriamoto/28/scootermctRearShockAbsorber.jpg;2560;7;;;;;;;;;;
2;"Scooter MCT";"Scooter MCT";;28;"Rear Shock Absorber";"Amortiguador trasero";galeriamoto/28/scootermctRearShockAbsorber.jpg;2561;8;;;;;;;;;;
2;"Scooter MCT";"Scooter MCT";;29;"Front Fork";Horquillas;galeriamoto/29/1C99F3BB-E650-4ADD-AFD3-2CCF0B857BC7.jpeg;2562;1;;;;;;;;;;
2;"Scooter MCT";"Scooter MCT";;29;"Front Fork";Horquillas;galeriamoto/29/1C99F3BB-E650-4ADD-AFD3-2CCF0B857BC7.jpeg;2563;2;;;;;;;;;;
2;"Scooter MCT";"Scooter MCT";;29;"Front Fork";Horquillas;galeriamoto/29/1C99F3BB-E650-4ADD-AFD3-2CCF0B857BC7.jpeg;2564;3;;;;;;;;;;
2;"Scooter MCT";"Scooter MCT";;29;"Front Fork";Horquillas;galeriamoto/29/1C99F3BB-E650-4ADD-AFD3-2CCF0B857BC7.jpeg;2565;4;;;;;;;;;;
2;"Scooter MCT";"Scooter MCT";;29;"Front Fork";Horquillas;galeriamoto/29/1C99F3BB-E650-4ADD-AFD3-2CCF0B857BC7.jpeg;2566;5;;;;;;;;;;
2;"Scooter MCT";"Scooter MCT";;29;"Front Fork";Horquillas;galeriamoto/29/1C99F3BB-E650-4ADD-AFD3-2CCF0B857BC7.jpeg;2567;6;;;;;;;;;;
2;"Scooter MCT";"Scooter MCT";;29;"Front Fork";Horquillas;galeriamoto/29/1C99F3BB-E650-4ADD-AFD3-2CCF0B857BC7.jpeg;2568;7;;;;;;;;;;
2;"Scooter MCT";"Scooter MCT";;29;"Front Fork";Horquillas;galeriamoto/29/1C99F3BB-E650-4ADD-AFD3-2CCF0B857BC7.jpeg;2569;8;;;;;;;;;;
2;"Scooter MCT";"Scooter MCT";;29;"Front Fork";Horquillas;galeriamoto/29/1C99F3BB-E650-4ADD-AFD3-2CCF0B857BC7.jpeg;2570;9;;;;;;;;;;
2;"Scooter MCT";"Scooter MCT";;29;"Front Fork";Horquillas;galeriamoto/29/1C99F3BB-E650-4ADD-AFD3-2CCF0B857BC7.jpeg;2571;10;;;;;;;;;;
2;"Scooter MCT";"Scooter MCT";;29;"Front Fork";Horquillas;galeriamoto/29/1C99F3BB-E650-4ADD-AFD3-2CCF0B857BC7.jpeg;2572;11;;;;;;;;;;
2;"Scooter MCT";"Scooter MCT";;29;"Front Fork";Horquillas;galeriamoto/29/1C99F3BB-E650-4ADD-AFD3-2CCF0B857BC7.jpeg;2573;12;;;;;;;;;;
2;"Scooter MCT";"Scooter MCT";;30;"Fuel Tank";"Deposito gasolina";galeriamoto/30/scootermctFuelTank.jpg;2574;1;;;;;;;;;;
2;"Scooter MCT";"Scooter MCT";;30;"Fuel Tank";"Deposito gasolina";galeriamoto/30/scootermctFuelTank.jpg;2575;2;;;;;;;;;;
2;"Scooter MCT";"Scooter MCT";;30;"Fuel Tank";"Deposito gasolina";galeriamoto/30/scootermctFuelTank.jpg;2576;3;;;;;;;;;;
2;"Scooter MCT";"Scooter MCT";;30;"Fuel Tank";"Deposito gasolina";galeriamoto/30/scootermctFuelTank.jpg;2577;4;;;;;;;;;;
2;"Scooter MCT";"Scooter MCT";;30;"Fuel Tank";"Deposito gasolina";galeriamoto/30/scootermctFuelTank.jpg;2578;5;;;;;;;;;;
2;"Scooter MCT";"Scooter MCT";;30;"Fuel Tank";"Deposito gasolina";galeriamoto/30/scootermctFuelTank.jpg;2579;6;;;;;;;;;;
2;"Scooter MCT";"Scooter MCT";;30;"Fuel Tank";"Deposito gasolina";galeriamoto/30/scootermctFuelTank.jpg;2580;7;;;;;;;;;;
2;"Scooter MCT";"Scooter MCT";;30;"Fuel Tank";"Deposito gasolina";galeriamoto/30/scootermctFuelTank.jpg;2581;8;;;;;;;;;;
2;"Scooter MCT";"Scooter MCT";;30;"Fuel Tank";"Deposito gasolina";galeriamoto/30/scootermctFuelTank.jpg;2582;9;;;;;;;;;;
2;"Scooter MCT";"Scooter MCT";;30;"Fuel Tank";"Deposito gasolina";galeriamoto/30/scootermctFuelTank.jpg;2583;10;;;;;;;;;;
2;"Scooter MCT";"Scooter MCT";;31;"Seat Assy";Asiento;galeriamoto/31/B099BB19-B7EE-4149-BCC2-CD625F707442.jpeg;2584;1;;;;;;;;;;
2;"Scooter MCT";"Scooter MCT";;31;"Seat Assy";Asiento;galeriamoto/31/B099BB19-B7EE-4149-BCC2-CD625F707442.jpeg;2585;2;;;;;;;;;;
2;"Scooter MCT";"Scooter MCT";;31;"Seat Assy";Asiento;galeriamoto/31/B099BB19-B7EE-4149-BCC2-CD625F707442.jpeg;2586;3;;;;;;;;;;
2;"Scooter MCT";"Scooter MCT";;31;"Seat Assy";Asiento;galeriamoto/31/B099BB19-B7EE-4149-BCC2-CD625F707442.jpeg;2587;4;;;;;;;;;;
2;"Scooter MCT";"Scooter MCT";;31;"Seat Assy";Asiento;galeriamoto/31/B099BB19-B7EE-4149-BCC2-CD625F707442.jpeg;2588;5;;;;;;;;;;
2;"Scooter MCT";"Scooter MCT";;31;"Seat Assy";Asiento;galeriamoto/31/B099BB19-B7EE-4149-BCC2-CD625F707442.jpeg;2589;6;;;;;;;;;;
2;"Scooter MCT";"Scooter MCT";;31;"Seat Assy";Asiento;galeriamoto/31/B099BB19-B7EE-4149-BCC2-CD625F707442.jpeg;2590;7;;;;;;;;;;
2;"Scooter MCT";"Scooter MCT";;31;"Seat Assy";Asiento;galeriamoto/31/B099BB19-B7EE-4149-BCC2-CD625F707442.jpeg;2591;8;;;;;;;;;;
2;"Scooter MCT";"Scooter MCT";;31;"Seat Assy";Asiento;galeriamoto/31/B099BB19-B7EE-4149-BCC2-CD625F707442.jpeg;2592;9;;;;;;;;;;
2;"Scooter MCT";"Scooter MCT";;31;"Seat Assy";Asiento;galeriamoto/31/B099BB19-B7EE-4149-BCC2-CD625F707442.jpeg;2593;10;;;;;;;;;;
2;"Scooter MCT";"Scooter MCT";;31;"Seat Assy";Asiento;galeriamoto/31/B099BB19-B7EE-4149-BCC2-CD625F707442.jpeg;2594;11;;;;;;;;;;
2;"Scooter MCT";"Scooter MCT";;31;"Seat Assy";Asiento;galeriamoto/31/B099BB19-B7EE-4149-BCC2-CD625F707442.jpeg;2595;12;;;;;;;;;;
2;"Scooter MCT";"Scooter MCT";;31;"Seat Assy";Asiento;galeriamoto/31/B099BB19-B7EE-4149-BCC2-CD625F707442.jpeg;2596;12;;;;;;;;;;
2;"Scooter MCT";"Scooter MCT";;31;"Seat Assy";Asiento;galeriamoto/31/B099BB19-B7EE-4149-BCC2-CD625F707442.jpeg;2597;12;;;;;;;;;;
2;"Scooter MCT";"Scooter MCT";;31;"Seat Assy";Asiento;galeriamoto/31/B099BB19-B7EE-4149-BCC2-CD625F707442.jpeg;2598;13;;;;;;;;;;
2;"Scooter MCT";"Scooter MCT";;31;"Seat Assy";Asiento;galeriamoto/31/B099BB19-B7EE-4149-BCC2-CD625F707442.jpeg;2599;13;;;;;;;;;;
2;"Scooter MCT";"Scooter MCT";;31;"Seat Assy";Asiento;galeriamoto/31/B099BB19-B7EE-4149-BCC2-CD625F707442.jpeg;2600;13;;;;;;;;;;
2;"Scooter MCT";"Scooter MCT";;31;"Seat Assy";Asiento;galeriamoto/31/B099BB19-B7EE-4149-BCC2-CD625F707442.jpeg;2601;14;;;;;;;;;;
2;"Scooter MCT";"Scooter MCT";;31;"Seat Assy";Asiento;galeriamoto/31/B099BB19-B7EE-4149-BCC2-CD625F707442.jpeg;2602;15;;;;;;;;;;
2;"Scooter MCT";"Scooter MCT";;31;"Seat Assy";Asiento;galeriamoto/31/B099BB19-B7EE-4149-BCC2-CD625F707442.jpeg;2603;16;;;;;;;;;;
2;"Scooter MCT";"Scooter MCT";;31;"Seat Assy";Asiento;galeriamoto/31/B099BB19-B7EE-4149-BCC2-CD625F707442.jpeg;2604;17;;;;;;;;;;
2;"Scooter MCT";"Scooter MCT";;31;"Seat Assy";Asiento;galeriamoto/31/B099BB19-B7EE-4149-BCC2-CD625F707442.jpeg;2605;18;;;;;;;;;;
2;"Scooter MCT";"Scooter MCT";;31;"Seat Assy";Asiento;galeriamoto/31/B099BB19-B7EE-4149-BCC2-CD625F707442.jpeg;2606;19;;;;;;;;;;
2;"Scooter MCT";"Scooter MCT";;32;"Front Wheel";"Rueda delantera";"galeriamoto/32/llanta delantera mct.jpg";2607;1;;;;;;;;;;
2;"Scooter MCT";"Scooter MCT";;32;"Front Wheel";"Rueda delantera";"galeriamoto/32/llanta delantera mct.jpg";2608;2;;;;;;;;;;
2;"Scooter MCT";"Scooter MCT";;32;"Front Wheel";"Rueda delantera";"galeriamoto/32/llanta delantera mct.jpg";2609;3;;;;;;;;;;
2;"Scooter MCT";"Scooter MCT";;32;"Front Wheel";"Rueda delantera";"galeriamoto/32/llanta delantera mct.jpg";2610;4;;;;;;;;;;
2;"Scooter MCT";"Scooter MCT";;32;"Front Wheel";"Rueda delantera";"galeriamoto/32/llanta delantera mct.jpg";2611;5;;;;;;;;;;
2;"Scooter MCT";"Scooter MCT";;32;"Front Wheel";"Rueda delantera";"galeriamoto/32/llanta delantera mct.jpg";2612;9;;;;;;;;;;
2;"Scooter MCT";"Scooter MCT";;32;"Front Wheel";"Rueda delantera";"galeriamoto/32/llanta delantera mct.jpg";2613;10;;;;;;;;;;
2;"Scooter MCT";"Scooter MCT";;32;"Front Wheel";"Rueda delantera";"galeriamoto/32/llanta delantera mct.jpg";2614;11;;;;;;;;;;
2;"Scooter MCT";"Scooter MCT";;32;"Front Wheel";"Rueda delantera";"galeriamoto/32/llanta delantera mct.jpg";2615;12;;;;;;;;;;
2;"Scooter MCT";"Scooter MCT";;33;"Brake System";"Sistema de frenado";galeriamoto/33/299B6518-167F-45D9-9350-DFB32134D681.jpeg;2616;1;;;;;;;;;;
2;"Scooter MCT";"Scooter MCT";;33;"Brake System";"Sistema de frenado";galeriamoto/33/299B6518-167F-45D9-9350-DFB32134D681.jpeg;2617;2;;;;;;;;;;
2;"Scooter MCT";"Scooter MCT";;33;"Brake System";"Sistema de frenado";galeriamoto/33/299B6518-167F-45D9-9350-DFB32134D681.jpeg;2618;3;;;;;;;;;;
2;"Scooter MCT";"Scooter MCT";;33;"Brake System";"Sistema de frenado";galeriamoto/33/299B6518-167F-45D9-9350-DFB32134D681.jpeg;2619;4.1;;;;;;;;;;
2;"Scooter MCT";"Scooter MCT";;33;"Brake System";"Sistema de frenado";galeriamoto/33/299B6518-167F-45D9-9350-DFB32134D681.jpeg;2620;5;;;;;;;;;;
2;"Scooter MCT";"Scooter MCT";;34;"Rear Wheel";"Rueda trasera";"galeriamoto/34/llanta trasera mct.jpg";2621;9;;;;;;;;;;
2;"Scooter MCT";"Scooter MCT";;34;"Rear Wheel";"Rueda trasera";"galeriamoto/34/llanta trasera mct.jpg";2622;10;;;;;;;;;;
2;"Scooter MCT";"Scooter MCT";;34;"Rear Wheel";"Rueda trasera";"galeriamoto/34/llanta trasera mct.jpg";2623;12;;;;;;;;;;
2;"Scooter MCT";"Scooter MCT";;35;"Handle Bar";Manillar;galeriamoto/35/C4463EA7-0F62-476D-84CB-D4790814D662.jpeg;2624;1;;;;;;;;;;
2;"Scooter MCT";"Scooter MCT";;35;"Handle Bar";Manillar;galeriamoto/35/C4463EA7-0F62-476D-84CB-D4790814D662.jpeg;2625;2;;;;;;;;;;
2;"Scooter MCT";"Scooter MCT";;35;"Handle Bar";Manillar;galeriamoto/35/C4463EA7-0F62-476D-84CB-D4790814D662.jpeg;2626;3;;;;;;;;;;
2;"Scooter MCT";"Scooter MCT";;35;"Handle Bar";Manillar;galeriamoto/35/C4463EA7-0F62-476D-84CB-D4790814D662.jpeg;2627;4;;;;;;;;;;
2;"Scooter MCT";"Scooter MCT";;35;"Handle Bar";Manillar;galeriamoto/35/C4463EA7-0F62-476D-84CB-D4790814D662.jpeg;2628;5;;;;;;;;;;
2;"Scooter MCT";"Scooter MCT";;35;"Handle Bar";Manillar;galeriamoto/35/C4463EA7-0F62-476D-84CB-D4790814D662.jpeg;2629;6;;;;;;;;;;
2;"Scooter MCT";"Scooter MCT";;35;"Handle Bar";Manillar;galeriamoto/35/C4463EA7-0F62-476D-84CB-D4790814D662.jpeg;2630;7;;;;;;;;;;
2;"Scooter MCT";"Scooter MCT";;35;"Handle Bar";Manillar;galeriamoto/35/C4463EA7-0F62-476D-84CB-D4790814D662.jpeg;2631;8;;;;;;;;;;
2;"Scooter MCT";"Scooter MCT";;35;"Handle Bar";Manillar;galeriamoto/35/C4463EA7-0F62-476D-84CB-D4790814D662.jpeg;2632;9;;;;;;;;;;
2;"Scooter MCT";"Scooter MCT";;35;"Handle Bar";Manillar;galeriamoto/35/C4463EA7-0F62-476D-84CB-D4790814D662.jpeg;2633;10;;;;;;;;;;
2;"Scooter MCT";"Scooter MCT";;35;"Handle Bar";Manillar;galeriamoto/35/C4463EA7-0F62-476D-84CB-D4790814D662.jpeg;2634;11;;;;;;;;;;
2;"Scooter MCT";"Scooter MCT";;35;"Handle Bar";Manillar;galeriamoto/35/C4463EA7-0F62-476D-84CB-D4790814D662.jpeg;2635;12;;;;;;;;;;
2;"Scooter MCT";"Scooter MCT";;35;"Handle Bar";Manillar;galeriamoto/35/C4463EA7-0F62-476D-84CB-D4790814D662.jpeg;2636;13;;;;;;;;;;
2;"Scooter MCT";"Scooter MCT";;35;"Handle Bar";Manillar;galeriamoto/35/C4463EA7-0F62-476D-84CB-D4790814D662.jpeg;2637;14;;;;;;;;;;
2;"Scooter MCT";"Scooter MCT";;35;"Handle Bar";Manillar;galeriamoto/35/C4463EA7-0F62-476D-84CB-D4790814D662.jpeg;2638;15;;;;;;;;;;
2;"Scooter MCT";"Scooter MCT";;35;"Handle Bar";Manillar;galeriamoto/35/C4463EA7-0F62-476D-84CB-D4790814D662.jpeg;2639;16;;;;;;;;;;
2;"Scooter MCT";"Scooter MCT";;35;"Handle Bar";Manillar;galeriamoto/35/C4463EA7-0F62-476D-84CB-D4790814D662.jpeg;2640;17;;;;;;;;;;
2;"Scooter MCT";"Scooter MCT";;35;"Handle Bar";Manillar;galeriamoto/35/C4463EA7-0F62-476D-84CB-D4790814D662.jpeg;2641;28;;;;;;;;;;
2;"Scooter MCT";"Scooter MCT";;35;"Handle Bar";Manillar;galeriamoto/35/C4463EA7-0F62-476D-84CB-D4790814D662.jpeg;2642;19;;;;;;;;;;
2;"Scooter MCT";"Scooter MCT";;35;"Handle Bar";Manillar;galeriamoto/35/C4463EA7-0F62-476D-84CB-D4790814D662.jpeg;2643;20;;;;;;;;;;
2;"Scooter MCT";"Scooter MCT";;35;"Handle Bar";Manillar;galeriamoto/35/C4463EA7-0F62-476D-84CB-D4790814D662.jpeg;2644;21;;;;;;;;;;
2;"Scooter MCT";"Scooter MCT";;35;"Handle Bar";Manillar;galeriamoto/35/C4463EA7-0F62-476D-84CB-D4790814D662.jpeg;2645;21;;;;;;;;;;
2;"Scooter MCT";"Scooter MCT";;35;"Handle Bar";Manillar;galeriamoto/35/C4463EA7-0F62-476D-84CB-D4790814D662.jpeg;2646;21;;;;;;;;;;
2;"Scooter MCT";"Scooter MCT";;35;"Handle Bar";Manillar;galeriamoto/35/C4463EA7-0F62-476D-84CB-D4790814D662.jpeg;2647;22;;;;;;;;;;
2;"Scooter MCT";"Scooter MCT";;35;"Handle Bar";Manillar;galeriamoto/35/C4463EA7-0F62-476D-84CB-D4790814D662.jpeg;2648;23;;;;;;;;;;
2;"Scooter MCT";"Scooter MCT";;35;"Handle Bar";Manillar;galeriamoto/35/C4463EA7-0F62-476D-84CB-D4790814D662.jpeg;2649;24;;;;;;;;;;
2;"Scooter MCT";"Scooter MCT";;35;"Handle Bar";Manillar;galeriamoto/35/C4463EA7-0F62-476D-84CB-D4790814D662.jpeg;2650;25;;;;;;;;;;
2;"Scooter MCT";"Scooter MCT";;35;"Handle Bar";Manillar;galeriamoto/35/C4463EA7-0F62-476D-84CB-D4790814D662.jpeg;2651;26;;;;;;;;;;
2;"Scooter MCT";"Scooter MCT";;35;"Handle Bar";Manillar;galeriamoto/35/C4463EA7-0F62-476D-84CB-D4790814D662.jpeg;2652;27;;;;;;;;;;
2;"Scooter MCT";"Scooter MCT";;35;"Handle Bar";Manillar;galeriamoto/35/C4463EA7-0F62-476D-84CB-D4790814D662.jpeg;2653;18;;;;;;;;;;
2;"Scooter MCT";"Scooter MCT";;35;"Handle Bar";Manillar;galeriamoto/35/C4463EA7-0F62-476D-84CB-D4790814D662.jpeg;2654;29;;;;;;;;;;
2;"Scooter MCT";"Scooter MCT";;35;"Handle Bar";Manillar;galeriamoto/35/C4463EA7-0F62-476D-84CB-D4790814D662.jpeg;2655;30;;;;;;;;;;
2;"Scooter MCT";"Scooter MCT";;35;"Handle Bar";Manillar;galeriamoto/35/C4463EA7-0F62-476D-84CB-D4790814D662.jpeg;2656;31;;;;;;;;;;
2;"Scooter MCT";"Scooter MCT";;36;"Stand Assy";"Pata de estacionamiento";galeriamoto/36/00B8ABEC-1F2F-4F24-8898-CB25ECD7397A.jpeg;2657;1;;;;;;;;;;
2;"Scooter MCT";"Scooter MCT";;36;"Stand Assy";"Pata de estacionamiento";galeriamoto/36/00B8ABEC-1F2F-4F24-8898-CB25ECD7397A.jpeg;2658;2;;;;;;;;;;
2;"Scooter MCT";"Scooter MCT";;36;"Stand Assy";"Pata de estacionamiento";galeriamoto/36/00B8ABEC-1F2F-4F24-8898-CB25ECD7397A.jpeg;2659;3;;;;;;;;;;
2;"Scooter MCT";"Scooter MCT";;36;"Stand Assy";"Pata de estacionamiento";galeriamoto/36/00B8ABEC-1F2F-4F24-8898-CB25ECD7397A.jpeg;2660;4;;;;;;;;;;
2;"Scooter MCT";"Scooter MCT";;36;"Stand Assy";"Pata de estacionamiento";galeriamoto/36/00B8ABEC-1F2F-4F24-8898-CB25ECD7397A.jpeg;2661;5;;;;;;;;;;
2;"Scooter MCT";"Scooter MCT";;36;"Stand Assy";"Pata de estacionamiento";galeriamoto/36/00B8ABEC-1F2F-4F24-8898-CB25ECD7397A.jpeg;2662;6;;;;;;;;;;
2;"Scooter MCT";"Scooter MCT";;36;"Stand Assy";"Pata de estacionamiento";galeriamoto/36/00B8ABEC-1F2F-4F24-8898-CB25ECD7397A.jpeg;2663;7;;;;;;;;;;
2;"Scooter MCT";"Scooter MCT";;36;"Stand Assy";"Pata de estacionamiento";galeriamoto/36/00B8ABEC-1F2F-4F24-8898-CB25ECD7397A.jpeg;2664;8;;;;;;;;;;
2;"Scooter MCT";"Scooter MCT";;36;"Stand Assy";"Pata de estacionamiento";galeriamoto/36/00B8ABEC-1F2F-4F24-8898-CB25ECD7397A.jpeg;2665;9;;;;;;;;;;
2;"Scooter MCT";"Scooter MCT";;36;"Stand Assy";"Pata de estacionamiento";galeriamoto/36/00B8ABEC-1F2F-4F24-8898-CB25ECD7397A.jpeg;2666;10;;;;;;;;;;
2;"Scooter MCT";"Scooter MCT";;37;"Front Cover";"Parte frontal";galeriamoto/37/partefrontal.jpg;2667;1;;;;;;;;;;
2;"Scooter MCT";"Scooter MCT";;37;"Front Cover";"Parte frontal";galeriamoto/37/partefrontal.jpg;2668;2;;;;;;;;;;
2;"Scooter MCT";"Scooter MCT";;37;"Front Cover";"Parte frontal";galeriamoto/37/partefrontal.jpg;2669;3;;;;;;;;;;
2;"Scooter MCT";"Scooter MCT";;37;"Front Cover";"Parte frontal";galeriamoto/37/partefrontal.jpg;2670;4;;;;;;;;;;
2;"Scooter MCT";"Scooter MCT";;37;"Front Cover";"Parte frontal";galeriamoto/37/partefrontal.jpg;2671;5;;;;;;;;;;
2;"Scooter MCT";"Scooter MCT";;37;"Front Cover";"Parte frontal";galeriamoto/37/partefrontal.jpg;2672;6;;;;;;;;;;
2;"Scooter MCT";"Scooter MCT";;37;"Front Cover";"Parte frontal";galeriamoto/37/partefrontal.jpg;2673;6;;;;;;;;;;
2;"Scooter MCT";"Scooter MCT";;37;"Front Cover";"Parte frontal";galeriamoto/37/partefrontal.jpg;2674;6;;;;;;;;;;
2;"Scooter MCT";"Scooter MCT";;37;"Front Cover";"Parte frontal";galeriamoto/37/partefrontal.jpg;2675;7;;;;;;;;;;
2;"Scooter MCT";"Scooter MCT";;37;"Front Cover";"Parte frontal";galeriamoto/37/partefrontal.jpg;2676;7;;;;;;;;;;
2;"Scooter MCT";"Scooter MCT";;37;"Front Cover";"Parte frontal";galeriamoto/37/partefrontal.jpg;2677;7;;;;;;;;;;
2;"Scooter MCT";"Scooter MCT";;37;"Front Cover";"Parte frontal";galeriamoto/37/partefrontal.jpg;2678;8;;;;;;;;;;
2;"Scooter MCT";"Scooter MCT";;37;"Front Cover";"Parte frontal";galeriamoto/37/partefrontal.jpg;2679;9;;;;;;;;;;
2;"Scooter MCT";"Scooter MCT";;37;"Front Cover";"Parte frontal";galeriamoto/37/partefrontal.jpg;2680;10;;;;;;;;;;
2;"Scooter MCT";"Scooter MCT";;37;"Front Cover";"Parte frontal";galeriamoto/37/partefrontal.jpg;2681;11;;;;;;;;;;
2;"Scooter MCT";"Scooter MCT";;37;"Front Cover";"Parte frontal";galeriamoto/37/partefrontal.jpg;2682;12;;;;;;;;;;
2;"Scooter MCT";"Scooter MCT";;37;"Front Cover";"Parte frontal";galeriamoto/37/partefrontal.jpg;2683;13;;;;;;;;;;
2;"Scooter MCT";"Scooter MCT";;37;"Front Cover";"Parte frontal";galeriamoto/37/partefrontal.jpg;2684;14;;;;;;;;;;
2;"Scooter MCT";"Scooter MCT";;37;"Front Cover";"Parte frontal";galeriamoto/37/partefrontal.jpg;2685;15;;;;;;;;;;
2;"Scooter MCT";"Scooter MCT";;38;"Floor Panel";"Panel suelo";galeriamoto/38/4333C80B-B922-4E53-90FB-BBB0FBE2C3D2.jpeg;2686;1;;;;;;;;;;
2;"Scooter MCT";"Scooter MCT";;38;"Floor Panel";"Panel suelo";galeriamoto/38/4333C80B-B922-4E53-90FB-BBB0FBE2C3D2.jpeg;2687;2;;;;;;;;;;
2;"Scooter MCT";"Scooter MCT";;38;"Floor Panel";"Panel suelo";galeriamoto/38/4333C80B-B922-4E53-90FB-BBB0FBE2C3D2.jpeg;2688;3;;;;;;;;;;
2;"Scooter MCT";"Scooter MCT";;38;"Floor Panel";"Panel suelo";galeriamoto/38/4333C80B-B922-4E53-90FB-BBB0FBE2C3D2.jpeg;2689;4;;;;;;;;;;
2;"Scooter MCT";"Scooter MCT";;38;"Floor Panel";"Panel suelo";galeriamoto/38/4333C80B-B922-4E53-90FB-BBB0FBE2C3D2.jpeg;2690;5;;;;;;;;;;
2;"Scooter MCT";"Scooter MCT";;38;"Floor Panel";"Panel suelo";galeriamoto/38/4333C80B-B922-4E53-90FB-BBB0FBE2C3D2.jpeg;2691;6;;;;;;;;;;
2;"Scooter MCT";"Scooter MCT";;38;"Floor Panel";"Panel suelo";galeriamoto/38/4333C80B-B922-4E53-90FB-BBB0FBE2C3D2.jpeg;2692;7;;;;;;;;;;
2;"Scooter MCT";"Scooter MCT";;38;"Floor Panel";"Panel suelo";galeriamoto/38/4333C80B-B922-4E53-90FB-BBB0FBE2C3D2.jpeg;2693;8;;;;;;;;;;
2;"Scooter MCT";"Scooter MCT";;38;"Floor Panel";"Panel suelo";galeriamoto/38/4333C80B-B922-4E53-90FB-BBB0FBE2C3D2.jpeg;2694;9;;;;;;;;;;
2;"Scooter MCT";"Scooter MCT";;38;"Floor Panel";"Panel suelo";galeriamoto/38/4333C80B-B922-4E53-90FB-BBB0FBE2C3D2.jpeg;2695;10;;;;;;;;;;
2;"Scooter MCT";"Scooter MCT";;38;"Floor Panel";"Panel suelo";galeriamoto/38/4333C80B-B922-4E53-90FB-BBB0FBE2C3D2.jpeg;2696;11;;;;;;;;;;
2;"Scooter MCT";"Scooter MCT";;38;"Floor Panel";"Panel suelo";galeriamoto/38/4333C80B-B922-4E53-90FB-BBB0FBE2C3D2.jpeg;2697;12;;;;;;;;;;
2;"Scooter MCT";"Scooter MCT";;38;"Floor Panel";"Panel suelo";galeriamoto/38/4333C80B-B922-4E53-90FB-BBB0FBE2C3D2.jpeg;2698;12;;;;;;;;;;
2;"Scooter MCT";"Scooter MCT";;38;"Floor Panel";"Panel suelo";galeriamoto/38/4333C80B-B922-4E53-90FB-BBB0FBE2C3D2.jpeg;2699;12;;;;;;;;;;
2;"Scooter MCT";"Scooter MCT";;38;"Floor Panel";"Panel suelo";galeriamoto/38/4333C80B-B922-4E53-90FB-BBB0FBE2C3D2.jpeg;2700;13;;;;;;;;;;
2;"Scooter MCT";"Scooter MCT";;38;"Floor Panel";"Panel suelo";galeriamoto/38/4333C80B-B922-4E53-90FB-BBB0FBE2C3D2.jpeg;2701;13;;;;;;;;;;
2;"Scooter MCT";"Scooter MCT";;38;"Floor Panel";"Panel suelo";galeriamoto/38/4333C80B-B922-4E53-90FB-BBB0FBE2C3D2.jpeg;2702;13;;;;;;;;;;
2;"Scooter MCT";"Scooter MCT";;38;"Floor Panel";"Panel suelo";galeriamoto/38/4333C80B-B922-4E53-90FB-BBB0FBE2C3D2.jpeg;2703;14;;;;;;;;;;
2;"Scooter MCT";"Scooter MCT";;38;"Floor Panel";"Panel suelo";galeriamoto/38/4333C80B-B922-4E53-90FB-BBB0FBE2C3D2.jpeg;2704;15;;;;;;;;;;
2;"Scooter MCT";"Scooter MCT";;38;"Floor Panel";"Panel suelo";galeriamoto/38/4333C80B-B922-4E53-90FB-BBB0FBE2C3D2.jpeg;2705;16;;;;;;;;;;
2;"Scooter MCT";"Scooter MCT";;38;"Floor Panel";"Panel suelo";galeriamoto/38/4333C80B-B922-4E53-90FB-BBB0FBE2C3D2.jpeg;2706;17;;;;;;;;;;
2;"Scooter MCT";"Scooter MCT";;38;"Floor Panel";"Panel suelo";galeriamoto/38/4333C80B-B922-4E53-90FB-BBB0FBE2C3D2.jpeg;2707;18;;;;;;;;;;
2;"Scooter MCT";"Scooter MCT";;39;Speedometer;Marcador;galeriamoto/39/349FF981-5C3B-4F4E-9034-06D6BFB1F4DE.jpeg;2708;1;;;;;;;;;;
2;"Scooter MCT";"Scooter MCT";;39;Speedometer;Marcador;galeriamoto/39/349FF981-5C3B-4F4E-9034-06D6BFB1F4DE.jpeg;2709;2;;;;;;;;;;
2;"Scooter MCT";"Scooter MCT";;40;Headlight;"Luz delantera";galeriamoto/40/B402A61B-B28B-4A2F-9D2B-7763490759D9.jpeg;2710;1;;;;;;;;;;
2;"Scooter MCT";"Scooter MCT";;40;Headlight;"Luz delantera";galeriamoto/40/B402A61B-B28B-4A2F-9D2B-7763490759D9.jpeg;2711;2;;;;;;;;;;
2;"Scooter MCT";"Scooter MCT";;40;Headlight;"Luz delantera";galeriamoto/40/B402A61B-B28B-4A2F-9D2B-7763490759D9.jpeg;2712;3;;;;;;;;;;
2;"Scooter MCT";"Scooter MCT";;40;Headlight;"Luz delantera";galeriamoto/40/B402A61B-B28B-4A2F-9D2B-7763490759D9.jpeg;2713;4;;;;;;;;;;
2;"Scooter MCT";"Scooter MCT";;40;Headlight;"Luz delantera";galeriamoto/40/B402A61B-B28B-4A2F-9D2B-7763490759D9.jpeg;2714;5;;;;;;;;;;
2;"Scooter MCT";"Scooter MCT";;41;Winker;"Intermitentes delanteros";galeriamoto/41/A0784C26-A511-4733-93DE-F35B2C0B23BE.jpeg;2715;1;;;;;;;;;;
2;"Scooter MCT";"Scooter MCT";;41;Winker;"Intermitentes delanteros";galeriamoto/41/A0784C26-A511-4733-93DE-F35B2C0B23BE.jpeg;2716;2;;;;;;;;;;
2;"Scooter MCT";"Scooter MCT";;41;Winker;"Intermitentes delanteros";galeriamoto/41/A0784C26-A511-4733-93DE-F35B2C0B23BE.jpeg;2717;3;;;;;;;;;;
2;"Scooter MCT";"Scooter MCT";;41;Winker;"Intermitentes delanteros";galeriamoto/41/A0784C26-A511-4733-93DE-F35B2C0B23BE.jpeg;2718;4;;;;;;;;;;
2;"Scooter MCT";"Scooter MCT";;42;Taillight;"Intermitentes y luz trasera";galeriamoto/42/2D2EB9C0-8BCD-4E0A-A1E7-BAC16C68FA51.jpeg;2719;1;;;;;;;;;;
2;"Scooter MCT";"Scooter MCT";;42;Taillight;"Intermitentes y luz trasera";galeriamoto/42/2D2EB9C0-8BCD-4E0A-A1E7-BAC16C68FA51.jpeg;2720;2;;;;;;;;;;
2;"Scooter MCT";"Scooter MCT";;42;Taillight;"Intermitentes y luz trasera";galeriamoto/42/2D2EB9C0-8BCD-4E0A-A1E7-BAC16C68FA51.jpeg;2721;3;;;;;;;;;;
2;"Scooter MCT";"Scooter MCT";;42;Taillight;"Intermitentes y luz trasera";galeriamoto/42/2D2EB9C0-8BCD-4E0A-A1E7-BAC16C68FA51.jpeg;2722;4;;;;;;;;;;
2;"Scooter MCT";"Scooter MCT";;42;Taillight;"Intermitentes y luz trasera";galeriamoto/42/2D2EB9C0-8BCD-4E0A-A1E7-BAC16C68FA51.jpeg;2723;5;;;;;;;;;;
2;"Scooter MCT";"Scooter MCT";;42;Taillight;"Intermitentes y luz trasera";galeriamoto/42/2D2EB9C0-8BCD-4E0A-A1E7-BAC16C68FA51.jpeg;2724;6;;;;;;;;;;
2;"Scooter MCT";"Scooter MCT";;42;Taillight;"Intermitentes y luz trasera";galeriamoto/42/2D2EB9C0-8BCD-4E0A-A1E7-BAC16C68FA51.jpeg;2725;7;;;;;;;;;;
2;"Scooter MCT";"Scooter MCT";;42;Taillight;"Intermitentes y luz trasera";galeriamoto/42/2D2EB9C0-8BCD-4E0A-A1E7-BAC16C68FA51.jpeg;2726;8;;;;;;;;;;
2;"Scooter MCT";"Scooter MCT";;42;Taillight;"Intermitentes y luz trasera";galeriamoto/42/2D2EB9C0-8BCD-4E0A-A1E7-BAC16C68FA51.jpeg;2727;9;;;;;;;;;;
2;"Scooter MCT";"Scooter MCT";;42;Taillight;"Intermitentes y luz trasera";galeriamoto/42/2D2EB9C0-8BCD-4E0A-A1E7-BAC16C68FA51.jpeg;2728;10;;;;;;;;;;
2;"Scooter MCT";"Scooter MCT";;42;Taillight;"Intermitentes y luz trasera";galeriamoto/42/2D2EB9C0-8BCD-4E0A-A1E7-BAC16C68FA51.jpeg;2729;11;;;;;;;;;;
2;"Scooter MCT";"Scooter MCT";;42;Taillight;"Intermitentes y luz trasera";galeriamoto/42/2D2EB9C0-8BCD-4E0A-A1E7-BAC16C68FA51.jpeg;2730;12;;;;;;;;;;
2;"Scooter MCT";"Scooter MCT";;42;Taillight;"Intermitentes y luz trasera";galeriamoto/42/2D2EB9C0-8BCD-4E0A-A1E7-BAC16C68FA51.jpeg;2731;13;;;;;;;;;;
2;"Scooter MCT";"Scooter MCT";;43;"Electrical System";"Sistema electrico";galeriamoto/43/B1E25010-F0B4-4F36-8716-54EBEEAFDF34.jpeg;2732;1;;;;;;;;;;
2;"Scooter MCT";"Scooter MCT";;43;"Electrical System";"Sistema electrico";galeriamoto/43/B1E25010-F0B4-4F36-8716-54EBEEAFDF34.jpeg;2733;2;;;;;;;;;;
2;"Scooter MCT";"Scooter MCT";;43;"Electrical System";"Sistema electrico";galeriamoto/43/B1E25010-F0B4-4F36-8716-54EBEEAFDF34.jpeg;2734;3;;;;;;;;;;
2;"Scooter MCT";"Scooter MCT";;43;"Electrical System";"Sistema electrico";galeriamoto/43/B1E25010-F0B4-4F36-8716-54EBEEAFDF34.jpeg;2736;5;;;;;;;;;;
2;"Scooter MCT";"Scooter MCT";;43;"Electrical System";"Sistema electrico";galeriamoto/43/B1E25010-F0B4-4F36-8716-54EBEEAFDF34.jpeg;2737;6;;;;;;;;;;
2;"Scooter MCT";"Scooter MCT";;43;"Electrical System";"Sistema electrico";galeriamoto/43/B1E25010-F0B4-4F36-8716-54EBEEAFDF34.jpeg;2738;7;;;;;;;;;;
2;"Scooter MCT";"Scooter MCT";;43;"Electrical System";"Sistema electrico";galeriamoto/43/B1E25010-F0B4-4F36-8716-54EBEEAFDF34.jpeg;2739;8;;;;;;;;;;
2;"Scooter MCT";"Scooter MCT";;43;"Electrical System";"Sistema electrico";galeriamoto/43/B1E25010-F0B4-4F36-8716-54EBEEAFDF34.jpeg;2740;9;;;;;;;;;;
2;"Scooter MCT";"Scooter MCT";;43;"Electrical System";"Sistema electrico";galeriamoto/43/B1E25010-F0B4-4F36-8716-54EBEEAFDF34.jpeg;2741;10;;;;;;;;;;
2;"Scooter MCT";"Scooter MCT";;43;"Electrical System";"Sistema electrico";galeriamoto/43/B1E25010-F0B4-4F36-8716-54EBEEAFDF34.jpeg;2742;12;;;;;;;;;;
2;"Scooter MCT";"Scooter MCT";;43;"Electrical System";"Sistema electrico";galeriamoto/43/B1E25010-F0B4-4F36-8716-54EBEEAFDF34.jpeg;2743;13;;;;;;;;;;
2;"Scooter MCT";"Scooter MCT";;43;"Electrical System";"Sistema electrico";galeriamoto/43/B1E25010-F0B4-4F36-8716-54EBEEAFDF34.jpeg;2744;14;;;;;;;;;;
2;"Scooter MCT";"Scooter MCT";;43;"Electrical System";"Sistema electrico";galeriamoto/43/B1E25010-F0B4-4F36-8716-54EBEEAFDF34.jpeg;2745;15;;;;;;;;;;
2;"Scooter MCT";"Scooter MCT";;43;"Electrical System";"Sistema electrico";galeriamoto/43/B1E25010-F0B4-4F36-8716-54EBEEAFDF34.jpeg;2746;16;;;;;;;;;;
2;"Scooter MCT";"Scooter MCT";;43;"Electrical System";"Sistema electrico";galeriamoto/43/B1E25010-F0B4-4F36-8716-54EBEEAFDF34.jpeg;2747;17;;;;;;;;;;
2;"Scooter MCT";"Scooter MCT";;44;"Air Filter";"Filtro de aire";galeriamoto/44/70CBC724-FCD3-450C-A09E-DB43DF71B9D7.jpeg;2748;1;;;;;;;;;;
2;"Scooter MCT";"Scooter MCT";;44;"Air Filter";"Filtro de aire";galeriamoto/44/70CBC724-FCD3-450C-A09E-DB43DF71B9D7.jpeg;2749;2;;;;;;;;;;
2;"Scooter MCT";"Scooter MCT";;44;"Air Filter";"Filtro de aire";galeriamoto/44/70CBC724-FCD3-450C-A09E-DB43DF71B9D7.jpeg;2750;3;;;;;;;;;;
2;"Scooter MCT";"Scooter MCT";;44;"Air Filter";"Filtro de aire";galeriamoto/44/70CBC724-FCD3-450C-A09E-DB43DF71B9D7.jpeg;2751;4;;;;;;;;;;
2;"Scooter MCT";"Scooter MCT";;45;"Exhaust System";"Sistema de escape";galeriamoto/45/C76735EC-908C-4BD6-9FC6-1572458DC6F1.jpeg;2752;1;;;;;;;;;;
2;"Scooter MCT";"Scooter MCT";;45;"Exhaust System";"Sistema de escape";galeriamoto/45/C76735EC-908C-4BD6-9FC6-1572458DC6F1.jpeg;2753;2;;;;;;;;;;
2;"Scooter MCT";"Scooter MCT";;45;"Exhaust System";"Sistema de escape";galeriamoto/45/C76735EC-908C-4BD6-9FC6-1572458DC6F1.jpeg;2754;3;;;;;;;;;;
2;"Scooter MCT";"Scooter MCT";;45;"Exhaust System";"Sistema de escape";galeriamoto/45/C76735EC-908C-4BD6-9FC6-1572458DC6F1.jpeg;2755;4;;;;;;;;;;
2;"Scooter MCT";"Scooter MCT";;45;"Exhaust System";"Sistema de escape";galeriamoto/45/C76735EC-908C-4BD6-9FC6-1572458DC6F1.jpeg;2756;5;;;;;;;;;;
2;"Scooter MCT";"Scooter MCT";;45;"Exhaust System";"Sistema de escape";galeriamoto/45/C76735EC-908C-4BD6-9FC6-1572458DC6F1.jpeg;2757;6;;;;;;;;;;
2;"Scooter MCT";"Scooter MCT";;45;"Exhaust System";"Sistema de escape";galeriamoto/45/C76735EC-908C-4BD6-9FC6-1572458DC6F1.jpeg;2759;8;;;;;;;;;;
2;"Scooter MCT";"Scooter MCT";;45;"Exhaust System";"Sistema de escape";galeriamoto/45/C76735EC-908C-4BD6-9FC6-1572458DC6F1.jpeg;2760;9;;;;;;;;;;
2;"Scooter MCT";"Scooter MCT";;45;"Exhaust System";"Sistema de escape";galeriamoto/45/C76735EC-908C-4BD6-9FC6-1572458DC6F1.jpeg;2761;10;;;;;;;;;;
2;"Scooter MCT";"Scooter MCT";;45;"Exhaust System";"Sistema de escape";galeriamoto/45/C76735EC-908C-4BD6-9FC6-1572458DC6F1.jpeg;2762;11;;;;;;;;;;
2;"Scooter MCT";"Scooter MCT";;45;"Exhaust System";"Sistema de escape";galeriamoto/45/C76735EC-908C-4BD6-9FC6-1572458DC6F1.jpeg;2763;12;;;;;;;;;;
2;"Scooter MCT";"Scooter MCT";;45;"Exhaust System";"Sistema de escape";galeriamoto/45/C76735EC-908C-4BD6-9FC6-1572458DC6F1.jpeg;2764;13;;;;;;;;;;
2;"Scooter MCT";"Scooter MCT";;27;"Body Cover";"Plasticas traseras";galeriamoto/27/scootermctBodyCover.jpg;2768;17;;;;;;;;;;
2;"Scooter MCT";"Scooter MCT";;37;"Front Cover";"Parte frontal";galeriamoto/37/partefrontal.jpg;2767;16;;;;;;;;;;
2;"Scooter MCT";"Scooter MCT";;43;"Electrical System";"Sistema electrico";galeriamoto/43/B1E25010-F0B4-4F36-8716-54EBEEAFDF34.jpeg;2783;18;;;;;;;;;;
1;"Super Furious RR";"Super Furious RR";;23;"Main Cables";"Sistema electrico";galeriamoto/23/furiousrr125MainCables.jpg;2783;30;;;;;;;;;;
1;"Super Furious RR";"Super Furious RR";;24;"Lower Fairing";"Carenado delantero";galeriamoto/24/furiousrr125LowerFairing.jpg;2785;2;;;;;;;;;;
1;"Super Furious RR";"Super Furious RR";;24;"Lower Fairing";"Carenado delantero";galeriamoto/24/furiousrr125LowerFairing.jpg;2786;4;;;;;;;;;;
1;"Super Furious RR";"Super Furious RR";;11;"Fuel Tank";"Deposito y filtros";galeriamoto/11/5749.jpg.png;2822;17;;;;;;;;;;
1;"Super Furious RR";"Super Furious RR";;5;"Front Brake Master Cylinder";"Freno delantero";galeriamoto/5/FrontBrakeMasterCilynder.jpg;2843;1,2;;;;;;;;;;
2;"Scooter MCT";"Scooter MCT";;32;"Front Wheel";"Rueda delantera";"galeriamoto/32/llanta delantera mct.jpg";2619;6;;;;;;;;;;
2;"Scooter MCT";"Scooter MCT";;34;"Rear Wheel";"Rueda trasera";"galeriamoto/34/llanta trasera mct.jpg";2620;2;;;;;;;;;;
2;"Scooter MCT";"Scooter MCT";;34;"Rear Wheel";"Rueda trasera";"galeriamoto/34/llanta trasera mct.jpg";2611;5;;;;;;;;;;
2;"Scooter MCT";"Scooter MCT";;46;"Spare parts Engine";"Recambios Motor";"galeriamoto/46/motor scooter.jpg";2861;3;;;;;;;;;;
2;"Scooter MCT";"Scooter MCT";;46;"Spare parts Engine";"Recambios Motor";"galeriamoto/46/motor scooter.jpg";2822;4;;;;;;;;;;
2;"Scooter MCT";"Scooter MCT";;46;"Spare parts Engine";"Recambios Motor";"galeriamoto/46/motor scooter.jpg";2866;7;;;;;;;;;;
2;"Scooter MCT";"Scooter MCT";;37;"Front Cover";"Parte frontal";galeriamoto/37/partefrontal.jpg;2874;5;;;;;;;;;;
2;"Scooter MCT";"Scooter MCT";;37;"Front Cover";"Parte frontal";galeriamoto/37/partefrontal.jpg;2875;5;;;;;;;;;;
2;"Scooter MCT";"Scooter MCT";;46;"Spare parts Engine";"Recambios Motor";"galeriamoto/46/motor scooter.jpg";2888;6;;;;;;;;;;
2;"Scooter MCT";"Scooter MCT";;45;"Exhaust System";"Sistema de escape";galeriamoto/45/C76735EC-908C-4BD6-9FC6-1572458DC6F1.jpeg;2878;1;;;;;;;;;;
3;"MTR Adventure 125";"MTR Adventure 125";;56;"Frame parts";Chasis;galeriamoto/56/imagenes.jpg;2905;2;;;;;;;;;;
3;"MTR Adventure 125";"MTR Adventure 125";;56;"Frame parts";Chasis;galeriamoto/56/imagenes.jpg;2906;3;;;;;;;;;;
3;"MTR Adventure 125";"MTR Adventure 125";;56;"Frame parts";Chasis;galeriamoto/56/imagenes.jpg;2907;4;;;;;;;;;;
3;"MTR Adventure 125";"MTR Adventure 125";;56;"Frame parts";Chasis;galeriamoto/56/imagenes.jpg;2908;5;;;;;;;;;;
3;"MTR Adventure 125";"MTR Adventure 125";;56;"Frame parts";Chasis;galeriamoto/56/imagenes.jpg;2909;6;;;;;;;;;;
3;"MTR Adventure 125";"MTR Adventure 125";;56;"Frame parts";Chasis;galeriamoto/56/imagenes.jpg;2910;7;;;;;;;;;;
3;"MTR Adventure 125";"MTR Adventure 125";;56;"Frame parts";Chasis;galeriamoto/56/imagenes.jpg;2911;8;;;;;;;;;;
3;"MTR Adventure 125";"MTR Adventure 125";;56;"Frame parts";Chasis;galeriamoto/56/imagenes.jpg;2912;9;;;;;;;;;;
3;"MTR Adventure 125";"MTR Adventure 125";;56;"Frame parts";Chasis;galeriamoto/56/imagenes.jpg;2913;10;;;;;;;;;;
3;"MTR Adventure 125";"MTR Adventure 125";;56;"Frame parts";Chasis;galeriamoto/56/imagenes.jpg;2914;11;;;;;;;;;;
3;"MTR Adventure 125";"MTR Adventure 125";;56;"Frame parts";Chasis;galeriamoto/56/imagenes.jpg;2915;12;;;;;;;;;;
3;"MTR Adventure 125";"MTR Adventure 125";;56;"Frame parts";Chasis;galeriamoto/56/imagenes.jpg;2916;13;;;;;;;;;;
3;"MTR Adventure 125";"MTR Adventure 125";;57;"Front suspension";Horquillas;galeriamoto/57/imagenes.jpg;2917;1;;;;;;;;;;
3;"MTR Adventure 125";"MTR Adventure 125";;57;"Front suspension";Horquillas;galeriamoto/57/imagenes.jpg;2918;2;;;;;;;;;;
3;"MTR Adventure 125";"MTR Adventure 125";;57;"Front suspension";Horquillas;galeriamoto/57/imagenes.jpg;2919;3;;;;;;;;;;
3;"MTR Adventure 125";"MTR Adventure 125";;57;"Front suspension";Horquillas;galeriamoto/57/imagenes.jpg;2920;4;;;;;;;;;;
3;"MTR Adventure 125";"MTR Adventure 125";;57;"Front suspension";Horquillas;galeriamoto/57/imagenes.jpg;2921;4;;;;;;;;;;
3;"MTR Adventure 125";"MTR Adventure 125";;57;"Front suspension";Horquillas;galeriamoto/57/imagenes.jpg;2922;5;;;;;;;;;;
3;"MTR Adventure 125";"MTR Adventure 125";;57;"Front suspension";Horquillas;galeriamoto/57/imagenes.jpg;2925;9;;;;;;;;;;
3;"MTR Adventure 125";"MTR Adventure 125";;57;"Front suspension";Horquillas;galeriamoto/57/imagenes.jpg;2926;10;;;;;;;;;;
3;"MTR Adventure 125";"MTR Adventure 125";;57;"Front suspension";Horquillas;galeriamoto/57/imagenes.jpg;2927;11;;;;;;;;;;
3;"MTR Adventure 125";"MTR Adventure 125";;57;"Front suspension";Horquillas;galeriamoto/57/imagenes.jpg;2928;12;;;;;;;;;;
3;"MTR Adventure 125";"MTR Adventure 125";;57;"Front suspension";Horquillas;galeriamoto/57/imagenes.jpg;2929;13;;;;;;;;;;
3;"MTR Adventure 125";"MTR Adventure 125";;58;"Handlebar parts";Manillar;galeriamoto/58/imagenes.jpg;2930;1;;;;;;;;;;
3;"MTR Adventure 125";"MTR Adventure 125";;58;"Handlebar parts";Manillar;galeriamoto/58/imagenes.jpg;2931;2;;;;;;;;;;
3;"MTR Adventure 125";"MTR Adventure 125";;58;"Handlebar parts";Manillar;galeriamoto/58/imagenes.jpg;2932;3;;;;;;;;;;
3;"MTR Adventure 125";"MTR Adventure 125";;58;"Handlebar parts";Manillar;galeriamoto/58/imagenes.jpg;2933;4;;;;;;;;;;
3;"MTR Adventure 125";"MTR Adventure 125";;58;"Handlebar parts";Manillar;galeriamoto/58/imagenes.jpg;2934;5;;;;;;;;;;
3;"MTR Adventure 125";"MTR Adventure 125";;58;"Handlebar parts";Manillar;galeriamoto/58/imagenes.jpg;2935;6;;;;;;;;;;
3;"MTR Adventure 125";"MTR Adventure 125";;58;"Handlebar parts";Manillar;galeriamoto/58/imagenes.jpg;2936;7;;;;;;;;;;
3;"MTR Adventure 125";"MTR Adventure 125";;58;"Handlebar parts";Manillar;galeriamoto/58/imagenes.jpg;2937;8;;;;;;;;;;
3;"MTR Adventure 125";"MTR Adventure 125";;58;"Handlebar parts";Manillar;galeriamoto/58/imagenes.jpg;2938;9;;;;;;;;;;
3;"MTR Adventure 125";"MTR Adventure 125";;58;"Handlebar parts";Manillar;galeriamoto/58/imagenes.jpg;2939;10;;;;;;;;;;
3;"MTR Adventure 125";"MTR Adventure 125";;58;"Handlebar parts";Manillar;galeriamoto/58/imagenes.jpg;2940;11;;;;;;;;;;
3;"MTR Adventure 125";"MTR Adventure 125";;58;"Handlebar parts";Manillar;galeriamoto/58/imagenes.jpg;2941;12;;;;;;;;;;
3;"MTR Adventure 125";"MTR Adventure 125";;58;"Handlebar parts";Manillar;galeriamoto/58/imagenes.jpg;2942;13;;;;;;;;;;
3;"MTR Adventure 125";"MTR Adventure 125";;58;"Handlebar parts";Manillar;galeriamoto/58/imagenes.jpg;2943;14;;;;;;;;;;
3;"MTR Adventure 125";"MTR Adventure 125";;58;"Handlebar parts";Manillar;galeriamoto/58/imagenes.jpg;2944;15;;;;;;;;;;
3;"MTR Adventure 125";"MTR Adventure 125";;58;"Handlebar parts";Manillar;galeriamoto/58/imagenes.jpg;2945;16;;;;;;;;;;
3;"MTR Adventure 125";"MTR Adventure 125";;59;"Rear Swing Arm";Basculante;galeriamoto/59/imagenes.jpg;2946;1;;;;;;;;;;
3;"MTR Adventure 125";"MTR Adventure 125";;59;"Rear Swing Arm";Basculante;galeriamoto/59/imagenes.jpg;2947;2;;;;;;;;;;
3;"MTR Adventure 125";"MTR Adventure 125";;59;"Rear Swing Arm";Basculante;galeriamoto/59/imagenes.jpg;2948;3;;;;;;;;;;
3;"MTR Adventure 125";"MTR Adventure 125";;59;"Rear Swing Arm";Basculante;galeriamoto/59/imagenes.jpg;2949;4;;;;;;;;;;
3;"MTR Adventure 125";"MTR Adventure 125";;59;"Rear Swing Arm";Basculante;galeriamoto/59/imagenes.jpg;2950;5;;;;;;;;;;
3;"MTR Adventure 125";"MTR Adventure 125";;59;"Rear Swing Arm";Basculante;galeriamoto/59/imagenes.jpg;2951;6;;;;;;;;;;
3;"MTR Adventure 125";"MTR Adventure 125";;59;"Rear Swing Arm";Basculante;galeriamoto/59/imagenes.jpg;2952;7;;;;;;;;;;
3;"MTR Adventure 125";"MTR Adventure 125";;59;"Rear Swing Arm";Basculante;galeriamoto/59/imagenes.jpg;2953;8;;;;;;;;;;
3;"MTR Adventure 125";"MTR Adventure 125";;59;"Rear Swing Arm";Basculante;galeriamoto/59/imagenes.jpg;2954;9;;;;;;;;;;
3;"MTR Adventure 125";"MTR Adventure 125";;59;"Rear Swing Arm";Basculante;galeriamoto/59/imagenes.jpg;2955;10;;;;;;;;;;
3;"MTR Adventure 125";"MTR Adventure 125";;60;"Tank and Body Plastic";"Depositos y carenados";galeriamoto/60/imagenes.jpg;2956;1;;;;;;;;;;
3;"MTR Adventure 125";"MTR Adventure 125";;60;"Tank and Body Plastic";"Depositos y carenados";galeriamoto/60/imagenes.jpg;2957;2;;;;;;;;;;
3;"MTR Adventure 125";"MTR Adventure 125";;60;"Tank and Body Plastic";"Depositos y carenados";galeriamoto/60/imagenes.jpg;2958;3;;;;;;;;;;
3;"MTR Adventure 125";"MTR Adventure 125";;60;"Tank and Body Plastic";"Depositos y carenados";galeriamoto/60/imagenes.jpg;2959;3;;;;;;;;;;
3;"MTR Adventure 125";"MTR Adventure 125";;60;"Tank and Body Plastic";"Depositos y carenados";galeriamoto/60/imagenes.jpg;2960;4;;;;;;;;;;
3;"MTR Adventure 125";"MTR Adventure 125";;60;"Tank and Body Plastic";"Depositos y carenados";galeriamoto/60/imagenes.jpg;2961;4;;;;;;;;;;
3;"MTR Adventure 125";"MTR Adventure 125";;60;"Tank and Body Plastic";"Depositos y carenados";galeriamoto/60/imagenes.jpg;2962;5;;;;;;;;;;
3;"MTR Adventure 125";"MTR Adventure 125";;60;"Tank and Body Plastic";"Depositos y carenados";galeriamoto/60/imagenes.jpg;2963;6;;;;;;;;;;
3;"MTR Adventure 125";"MTR Adventure 125";;60;"Tank and Body Plastic";"Depositos y carenados";galeriamoto/60/imagenes.jpg;2964;7;;;;;;;;;;
3;"MTR Adventure 125";"MTR Adventure 125";;60;"Tank and Body Plastic";"Depositos y carenados";galeriamoto/60/imagenes.jpg;2965;8;;;;;;;;;;
3;"MTR Adventure 125";"MTR Adventure 125";;60;"Tank and Body Plastic";"Depositos y carenados";galeriamoto/60/imagenes.jpg;2966;9;;;;;;;;;;
3;"MTR Adventure 125";"MTR Adventure 125";;60;"Tank and Body Plastic";"Depositos y carenados";galeriamoto/60/imagenes.jpg;2967;10;;;;;;;;;;
3;"MTR Adventure 125";"MTR Adventure 125";;60;"Tank and Body Plastic";"Depositos y carenados";galeriamoto/60/imagenes.jpg;2968;11;;;;;;;;;;
3;"MTR Adventure 125";"MTR Adventure 125";;60;"Tank and Body Plastic";"Depositos y carenados";galeriamoto/60/imagenes.jpg;2969;12;;;;;;;;;;
3;"MTR Adventure 125";"MTR Adventure 125";;60;"Tank and Body Plastic";"Depositos y carenados";galeriamoto/60/imagenes.jpg;2970;13;;;;;;;;;;
3;"MTR Adventure 125";"MTR Adventure 125";;60;"Tank and Body Plastic";"Depositos y carenados";galeriamoto/60/imagenes.jpg;2971;13;;;;;;;;;;
3;"MTR Adventure 125";"MTR Adventure 125";;60;"Tank and Body Plastic";"Depositos y carenados";galeriamoto/60/imagenes.jpg;2972;14;;;;;;;;;;
3;"MTR Adventure 125";"MTR Adventure 125";;60;"Tank and Body Plastic";"Depositos y carenados";galeriamoto/60/imagenes.jpg;2973;14;;;;;;;;;;
3;"MTR Adventure 125";"MTR Adventure 125";;60;"Tank and Body Plastic";"Depositos y carenados";galeriamoto/60/imagenes.jpg;2974;15;;;;;;;;;;
3;"MTR Adventure 125";"MTR Adventure 125";;60;"Tank and Body Plastic";"Depositos y carenados";galeriamoto/60/imagenes.jpg;2975;16;;;;;;;;;;
3;"MTR Adventure 125";"MTR Adventure 125";;60;"Tank and Body Plastic";"Depositos y carenados";galeriamoto/60/imagenes.jpg;2976;17;;;;;;;;;;
3;"MTR Adventure 125";"MTR Adventure 125";;60;"Tank and Body Plastic";"Depositos y carenados";galeriamoto/60/imagenes.jpg;2977;17;;;;;;;;;;
3;"MTR Adventure 125";"MTR Adventure 125";;60;"Tank and Body Plastic";"Depositos y carenados";galeriamoto/60/imagenes.jpg;2978;18;;;;;;;;;;
3;"MTR Adventure 125";"MTR Adventure 125";;60;"Tank and Body Plastic";"Depositos y carenados";galeriamoto/60/imagenes.jpg;2979;19;;;;;;;;;;
3;"MTR Adventure 125";"MTR Adventure 125";;61;"Lamps and Rear Fender Parts";"Luces y guardabarros";galeriamoto/61/imagenes.jpg;2980;1;;;;;;;;;;
3;"MTR Adventure 125";"MTR Adventure 125";;61;"Lamps and Rear Fender Parts";"Luces y guardabarros";galeriamoto/61/imagenes.jpg;2981;1;;;;;;;;;;
3;"MTR Adventure 125";"MTR Adventure 125";;61;"Lamps and Rear Fender Parts";"Luces y guardabarros";galeriamoto/61/imagenes.jpg;2982;2;;;;;;;;;;
3;"MTR Adventure 125";"MTR Adventure 125";;61;"Lamps and Rear Fender Parts";"Luces y guardabarros";galeriamoto/61/imagenes.jpg;2983;3;;;;;;;;;;
3;"MTR Adventure 125";"MTR Adventure 125";;61;"Lamps and Rear Fender Parts";"Luces y guardabarros";galeriamoto/61/imagenes.jpg;2984;5;;;;;;;;;;
3;"MTR Adventure 125";"MTR Adventure 125";;61;"Lamps and Rear Fender Parts";"Luces y guardabarros";galeriamoto/61/imagenes.jpg;2985;6;;;;;;;;;;
3;"MTR Adventure 125";"MTR Adventure 125";;61;"Lamps and Rear Fender Parts";"Luces y guardabarros";galeriamoto/61/imagenes.jpg;2986;7;;;;;;;;;;
3;"MTR Adventure 125";"MTR Adventure 125";;61;"Lamps and Rear Fender Parts";"Luces y guardabarros";galeriamoto/61/imagenes.jpg;2987;8;;;;;;;;;;
3;"MTR Adventure 125";"MTR Adventure 125";;61;"Lamps and Rear Fender Parts";"Luces y guardabarros";galeriamoto/61/imagenes.jpg;2988;9;;;;;;;;;;
3;"MTR Adventure 125";"MTR Adventure 125";;61;"Lamps and Rear Fender Parts";"Luces y guardabarros";galeriamoto/61/imagenes.jpg;2989;10;;;;;;;;;;
3;"MTR Adventure 125";"MTR Adventure 125";;61;"Lamps and Rear Fender Parts";"Luces y guardabarros";galeriamoto/61/imagenes.jpg;2990;11;;;;;;;;;;
3;"MTR Adventure 125";"MTR Adventure 125";;61;"Lamps and Rear Fender Parts";"Luces y guardabarros";galeriamoto/61/imagenes.jpg;2991;12;;;;;;;;;;
3;"MTR Adventure 125";"MTR Adventure 125";;61;"Lamps and Rear Fender Parts";"Luces y guardabarros";galeriamoto/61/imagenes.jpg;2993;14;;;;;;;;;;
3;"MTR Adventure 125";"MTR Adventure 125";;62;Engine;Motor;galeriamoto/62/diagram_62.jpg;2995;2;;;;;;;;;;
3;"MTR Adventure 125";"MTR Adventure 125";;62;Engine;Motor;galeriamoto/62/diagram_62.jpg;2996;3;;;;;;;;;;
3;"MTR Adventure 125";"MTR Adventure 125";;62;Engine;Motor;galeriamoto/62/diagram_62.jpg;2997;5;;;;;;;;;;
3;"MTR Adventure 125";"MTR Adventure 125";;62;Engine;Motor;galeriamoto/62/diagram_62.jpg;2998;6;;;;;;;;;;
3;"MTR Adventure 125";"MTR Adventure 125";;62;Engine;Motor;galeriamoto/62/diagram_62.jpg;2999;8;;;;;;;;;;
3;"MTR Adventure 125";"MTR Adventure 125";;62;Engine;Motor;galeriamoto/62/diagram_62.jpg;3000;9;;;;;;;;;;
3;"MTR Adventure 125";"MTR Adventure 125";;62;Engine;Motor;galeriamoto/62/diagram_62.jpg;3001;11;;;;;;;;;;
3;"MTR Adventure 125";"MTR Adventure 125";;62;Engine;Motor;galeriamoto/62/diagram_62.jpg;3002;12;;;;;;;;;;
3;"MTR Adventure 125";"MTR Adventure 125";;62;Engine;Motor;galeriamoto/62/diagram_62.jpg;3003;13;;;;;;;;;;
3;"MTR Adventure 125";"MTR Adventure 125";;62;Engine;Motor;galeriamoto/62/diagram_62.jpg;3004;14;;;;;;;;;;
3;"MTR Adventure 125";"MTR Adventure 125";;62;Engine;Motor;galeriamoto/62/diagram_62.jpg;3005;15;;;;;;;;;;
3;"MTR Adventure 125";"MTR Adventure 125";;63;Rim;Ruedas;galeriamoto/63/imagenes.jpg;3006;1;;;;;;;;;;
3;"MTR Adventure 125";"MTR Adventure 125";;63;Rim;Ruedas;galeriamoto/63/imagenes.jpg;3007;2;;;;;;;;;;
3;"MTR Adventure 125";"MTR Adventure 125";;63;Rim;Ruedas;galeriamoto/63/imagenes.jpg;3008;6;;;;;;;;;;
3;"MTR Adventure 125";"MTR Adventure 125";;63;Rim;Ruedas;galeriamoto/63/imagenes.jpg;3009;7;;;;;;;;;;
3;"MTR Adventure 125";"MTR Adventure 125";;63;Rim;Ruedas;galeriamoto/63/imagenes.jpg;3010;8;;;;;;;;;;
3;"MTR Adventure 125";"MTR Adventure 125";;63;Rim;Ruedas;galeriamoto/63/imagenes.jpg;3011;9;;;;;;;;;;
3;"MTR Adventure 125";"MTR Adventure 125";;64;"Electric Parts and axles";"Partes electricas y ejes";galeriamoto/64/6701.jpg;3013;1;;;;;;;;;;
3;"MTR Adventure 125";"MTR Adventure 125";;64;"Electric Parts and axles";"Partes electricas y ejes";galeriamoto/64/6701.jpg;3014;2;;;;;;;;;;
3;"MTR Adventure 125";"MTR Adventure 125";;64;"Electric Parts and axles";"Partes electricas y ejes";galeriamoto/64/6701.jpg;3015;3;;;;;;;;;;
3;"MTR Adventure 125";"MTR Adventure 125";;64;"Electric Parts and axles";"Partes electricas y ejes";galeriamoto/64/6701.jpg;3016;4;;;;;;;;;;
3;"MTR Adventure 125";"MTR Adventure 125";;64;"Electric Parts and axles";"Partes electricas y ejes";galeriamoto/64/6701.jpg;3017;5;;;;;;;;;;
3;"MTR Adventure 125";"MTR Adventure 125";;64;"Electric Parts and axles";"Partes electricas y ejes";galeriamoto/64/6701.jpg;3018;6;;;;;;;;;;
3;"MTR Adventure 125";"MTR Adventure 125";;64;"Electric Parts and axles";"Partes electricas y ejes";galeriamoto/64/6701.jpg;3019;7;;;;;;;;;;
3;"MTR Adventure 125";"MTR Adventure 125";;64;"Electric Parts and axles";"Partes electricas y ejes";galeriamoto/64/6701.jpg;3020;8;;;;;;;;;;
3;"MTR Adventure 125";"MTR Adventure 125";;64;"Electric Parts and axles";"Partes electricas y ejes";galeriamoto/64/6701.jpg;3021;9;;;;;;;;;;
3;"MTR Adventure 125";"MTR Adventure 125";;64;"Electric Parts and axles";"Partes electricas y ejes";galeriamoto/64/6701.jpg;3022;11;;;;;;;;;;
3;"MTR Adventure 125";"MTR Adventure 125";;64;"Electric Parts and axles";"Partes electricas y ejes";galeriamoto/64/6701.jpg;3023;12;;;;;;;;;;
3;"MTR Adventure 125";"MTR Adventure 125";;64;"Electric Parts and axles";"Partes electricas y ejes";galeriamoto/64/6701.jpg;3024;13;;;;;;;;;;
3;"MTR Adventure 125";"MTR Adventure 125";;62;Engine;Motor;galeriamoto/62/diagram_62.jpg;2994;1;;;;;;;;;;
2;"Scooter MCT";"Scooter MCT";;46;"Spare parts Engine";"Recambios Motor";"galeriamoto/46/motor scooter.jpg";3048;5;;;;;;;;;;
1;"Super Furious RR";"Super Furious RR";;11;"Fuel Tank";"Deposito y filtros";galeriamoto/11/5749.jpg.png;3048;18;;;;;;;;;;
3;"MTR Adventure 125";"MTR Adventure 125";;62;Engine;Motor;galeriamoto/62/diagram_62.jpg;3048;17;;;;;;;;;;
3;"MTR Adventure 125";"MTR Adventure 125";;62;Engine;Motor;galeriamoto/62/diagram_62.jpg;2822;16;;;;;;;;;;
3;"MTR Adventure 125";"MTR Adventure 125";;56;"Frame parts";Chasis;galeriamoto/56/imagenes.jpg;3050;14;;;;;;;;;;
2;"Scooter MCT";"Scooter MCT";;46;"Spare parts Engine";"Recambios Motor";"galeriamoto/46/motor scooter.jpg";3062;8;;;;;;;;;;
2;"Scooter MCT";"Scooter MCT";;46;"Spare parts Engine";"Recambios Motor";"galeriamoto/46/motor scooter.jpg";3117;9;;;;;;;;;;
3;"MTR Adventure 125";"MTR Adventure 125";;56;"Frame parts";Chasis;galeriamoto/56/imagenes.jpg;2904;1;;;;;;;;;;
2;"Scooter MCT";"Scooter MCT";;46;"Spare parts Engine";"Recambios Motor";"galeriamoto/46/motor scooter.jpg";3192;10;;;;;;;;;;
2;"Scooter MCT";"Scooter MCT";;30;"Fuel Tank";"Deposito gasolina";galeriamoto/30/scootermctFuelTank.jpg;3229;13;;;;;;;;;;
2;"Scooter MCT";"Scooter MCT";;30;"Fuel Tank";"Deposito gasolina";galeriamoto/30/scootermctFuelTank.jpg;3230;17;;;;;;;;;;
2;"Scooter MCT";"Scooter MCT";;30;"Fuel Tank";"Deposito gasolina";galeriamoto/30/scootermctFuelTank.jpg;3231;20;;;;;;;;;;
2;"Scooter MCT";"Scooter MCT";;46;"Spare parts Engine";"Recambios Motor";"galeriamoto/46/motor scooter.jpg";3241;11;;;;;;;;;;
1;"Super Furious RR";"Super Furious RR";;23;"Main Cables";"Sistema electrico";galeriamoto/23/furiousrr125MainCables.jpg;3248;31;;;;;;;;;;
3;"MTR Adventure 125";"MTR Adventure 125";;58;"Handlebar parts";Manillar;galeriamoto/58/imagenes.jpg;3311;17;;;;;;;;;;
2;"Scooter MCT";"Scooter MCT";;46;"Spare parts Engine";"Recambios Motor";"galeriamoto/46/motor scooter.jpg";3319;2;;;;;;;;;;
1;"Super Furious RR";"Super Furious RR";;16;"Exhaust Muffler";"Sistema de escape";galeriamoto/16/furiousrr125ExhaustMuffler.jpg;3359;10;;;;;;;;;;
3;"MTR Adventure 125";"MTR Adventure 125";;63;Rim;Ruedas;galeriamoto/63/imagenes.jpg;3362;11;;;;;;;;;;
3;"MTR Adventure 125";"MTR Adventure 125";;63;Rim;Ruedas;galeriamoto/63/imagenes.jpg;3363;12;;;;;;;;;;
3;"MTR Adventure 125";"MTR Adventure 125";;62;Engine;Motor;galeriamoto/62/diagram_62.jpg;3373;5-01;;;;;;;;;;
8;"MTR SX125";"MTR SX125";;65;Frame;Chasis;galeriamoto/65/chasis.png;3406;21;;;;;;;;;;
8;"MTR SX125";"MTR SX125";;71;"Rear fairing";"Plasticas traseras";"galeriamoto/71/carenados traseros.png";3381;5;;;;;;;;;;
8;"MTR SX125";"MTR SX125";;72;"Rear fender";"Guardabarros trasero";galeriamoto/72/trasera.png;3383;3;;;;;;;;;;
8;"MTR SX125";"MTR SX125";;72;"Rear fender";"Guardabarros trasero";galeriamoto/72/trasera.png;3385;5;;;;;;;;;;
8;"MTR SX125";"MTR SX125";;72;"Rear fender";"Guardabarros trasero";galeriamoto/72/trasera.png;3386;6;;;;;;;;;;
8;"MTR SX125";"MTR SX125";;72;"Rear fender";"Guardabarros trasero";galeriamoto/72/trasera.png;3384;4;;;;;;;;;;
8;"MTR SX125";"MTR SX125";;73;"Front storage box";Contraescudo;galeriamoto/73/contraescudo.png;3387;1;;;;;;;;;;
8;"MTR SX125";"MTR SX125";;74;Footrest;"Bajo pies";"galeriamoto/74/bajo pies.jpg";3388;1;;;;;;;;;;
8;"MTR SX125";"MTR SX125";;74;Footrest;"Bajo pies";"galeriamoto/74/bajo pies.jpg";3389;2;;;;;;;;;;
8;"MTR SX125";"MTR SX125";;74;Footrest;"Bajo pies";"galeriamoto/74/bajo pies.jpg";3390;5;;;;;;;;;;
8;"MTR SX125";"MTR SX125";;76;"Fuel tank";"Sistema de combustion";"galeriamoto/76/deposito y partes.jpg";3393;23;;;;;;;;;;
8;"MTR SX125";"MTR SX125";;76;"Fuel tank";"Sistema de combustion";"galeriamoto/76/deposito y partes.jpg";3394;18;;;;;;;;;;
8;"MTR SX125";"MTR SX125";;70;"Set lock assy";Cerraduras;galeriamoto/70/llaves.png;3395;1;;;;;;;;;;
8;"MTR SX125";"MTR SX125";;76;"Fuel tank";"Sistema de combustion";"galeriamoto/76/deposito y partes.jpg";3396;2;;;;;;;;;;
8;"MTR SX125";"MTR SX125";;76;"Fuel tank";"Sistema de combustion";"galeriamoto/76/deposito y partes.jpg";3397;5;;;;;;;;;;
8;"MTR SX125";"MTR SX125";;76;"Fuel tank";"Sistema de combustion";"galeriamoto/76/deposito y partes.jpg";3398;20;;;;;;;;;;
8;"MTR SX125";"MTR SX125";;77;"Electric parts assy";"Sistema electrico";"galeriamoto/77/sistema electrico.jpg";3399;1;;;;;;;;;;
8;"MTR SX125";"MTR SX125";;77;"Electric parts assy";"Sistema electrico";"galeriamoto/77/sistema electrico.jpg";3400;2;;;;;;;;;;
8;"MTR SX125";"MTR SX125";;77;"Electric parts assy";"Sistema electrico";"galeriamoto/77/sistema electrico.jpg";3401;5;;;;;;;;;;
8;"MTR SX125";"MTR SX125";;77;"Electric parts assy";"Sistema electrico";"galeriamoto/77/sistema electrico.jpg";3402;8;;;;;;;;;;
8;"MTR SX125";"MTR SX125";;81;"Air filter";"Filtro de aire";"galeriamoto/81/sistema de aire.jpg";3403;1;;;;;;;;;;
8;"MTR SX125";"MTR SX125";;81;"Air filter";"Filtro de aire";"galeriamoto/81/sistema de aire.jpg";3404;6;;;;;;;;;;
8;"MTR SX125";"MTR SX125";;82;Exhaust;Escape;galeriamoto/82/escape.jpg;3413;2;;;;;;;;;;
8;"MTR SX125";"MTR SX125";;82;Exhaust;Escape;galeriamoto/82/escape.jpg;3410;3;;;;;;;;;;
8;"MTR SX125";"MTR SX125";;82;Exhaust;Escape;galeriamoto/82/escape.jpg;3405;14;;;;;;;;;;
8;"MTR SX125";"MTR SX125";;66;"Front Fairing sx";"Cabezal y espejos";galeriamoto/66/frontal.png;3407;19;;;;;;;;;;
8;"MTR SX125";"MTR SX125";;66;"Front Fairing sx";"Cabezal y espejos";galeriamoto/66/frontal.png;3408;1.2;;;;;;;;;;
8;"MTR SX125";"MTR SX125";;71;"Rear fairing";"Plasticas traseras";"galeriamoto/71/carenados traseros.png";3409;0;;;;;;;;;;
8;"MTR SX125";"MTR SX125";;71;"Rear fairing";"Plasticas traseras";"galeriamoto/71/carenados traseros.png";3382;6;;;;;;;;;;
8;"MTR SX125";"MTR SX125";;69;Front;Frontal;"galeriamoto/69/frontal carenado.png";3411;14;;;;;;;;;;
8;"MTR SX125";"MTR SX125";;69;Front;Frontal;"galeriamoto/69/frontal carenado.png";3412;14;;;;;;;;;;
8;"MTR SX125";"MTR SX125";;73;"Front storage box";Contraescudo;galeriamoto/73/contraescudo.png;3414;0;;;;;;;;;;
8;"MTR SX125";"MTR SX125";;68;"Handlebar sx";Manillar;galeriamoto/68/manillar.png;3417;1;;;;;;;;;;
8;"MTR SX125";"MTR SX125";;79;"Front wheel";"Rueda delantera";"galeriamoto/79/rueda delantera.jpg";3418;1;;;;;;;;;;
8;"MTR SX125";"MTR SX125";;65;Frame;Chasis;galeriamoto/65/chasis.png;3419;6;;;;;;;;;;
8;"MTR SX125";"MTR SX125";;65;Frame;Chasis;galeriamoto/65/chasis.png;3420;11;;;;;;;;;;
8;"MTR SX125";"MTR SX125";;65;Frame;Chasis;galeriamoto/65/chasis.png;3421;18;;;;;;;;;;
8;"MTR SX125";"MTR SX125";;65;Frame;Chasis;galeriamoto/65/chasis.png;3424;4;;;;;;;;;;
8;"MTR SX125";"MTR SX125";;65;Frame;Chasis;galeriamoto/65/chasis.png;3425;8;;;;;;;;;;
8;"MTR SX125";"MTR SX125";;83;Brakes;Frenos;galeriamoto/83/frenos.jpg;3442;17;;;;;;;;;;
8;"MTR SX125";"MTR SX125";;83;Brakes;Frenos;galeriamoto/83/frenos.jpg;3444;20;;;;;;;;;;
8;"MTR SX125";"MTR SX125";;70;"Set lock assy";Cerraduras;galeriamoto/70/llaves.png;3422;3;;;;;;;;;;
8;"MTR SX125";"MTR SX125";;78;Fork;Horquillas;galeriamoto/78/horquillas.jpg;3423;9;;;;;;;;;;
8;"MTR SX125";"MTR SX125";;65;Frame;Chasis;galeriamoto/65/chasis.png;3426;2;;;;;;;;;;
8;"MTR SX125";"MTR SX125";;65;Frame;Chasis;galeriamoto/65/chasis.png;3427;3;;;;;;;;;;
8;"MTR SX125";"MTR SX125";;79;"Front wheel";"Rueda delantera";"galeriamoto/79/rueda delantera.jpg";3428;7;;;;;;;;;;
8;"MTR SX125";"MTR SX125";;80;"Rear wheel";"Rueda trasera";"galeriamoto/80/rueda trasera.jpg";3429;1;;;;;;;;;;
8;"MTR SX125";"MTR SX125";;75;Seat;Asiento;galeriamoto/75/asiento.jpg;3430;1;;;;;;;;;;
8;"MTR SX125";"MTR SX125";;76;"Fuel tank";"Sistema de combustion";"galeriamoto/76/deposito y partes.jpg";3431;1;;;;;;;;;;
8;"MTR SX125";"MTR SX125";;79;"Front wheel";"Rueda delantera";"galeriamoto/79/rueda delantera.jpg";3432;3;;;;;;;;;;
8;"MTR SX125";"MTR SX125";;83;Brakes;Frenos;galeriamoto/83/frenos.jpg;3433;1;;;;;;;;;;
8;"MTR SX125";"MTR SX125";;83;Brakes;Frenos;galeriamoto/83/frenos.jpg;3434;9;;;;;;;;;;
8;"MTR SX125";"MTR SX125";;83;Brakes;Frenos;galeriamoto/83/frenos.jpg;3441;15;;;;;;;;;;
8;"MTR SX125";"MTR SX125";;83;Brakes;Frenos;galeriamoto/83/frenos.jpg;3443;18;;;;;;;;;;
8;"MTR SX125";"MTR SX125";;70;"Set lock assy";Cerraduras;galeriamoto/70/llaves.png;3436;2;;;;;;;;;;
8;"MTR SX125";"MTR SX125";;76;"Fuel tank";"Sistema de combustion";"galeriamoto/76/deposito y partes.jpg";3437;6;;;;;;;;;;
8;"MTR SX125";"MTR SX125";;76;"Fuel tank";"Sistema de combustion";"galeriamoto/76/deposito y partes.jpg";3438;7;;;;;;;;;;
8;"MTR SX125";"MTR SX125";;65;Frame;Chasis;galeriamoto/65/chasis.png;3439;5;;;;;;;;;;
8;"MTR SX125";"MTR SX125";;65;Frame;Chasis;galeriamoto/65/chasis.png;3440;9;;;;;;;;;;
8;"MTR SX125";"MTR SX125";;78;Fork;Horquillas;galeriamoto/78/horquillas.jpg;3446;17;;;;;;;;;;
8;"MTR SX125";"MTR SX125";;71;"Rear fairing";"Plasticas traseras";"galeriamoto/71/carenados traseros.png";3447;1;;;;;;;;;;
8;"MTR SX125";"MTR SX125";;71;"Rear fairing";"Plasticas traseras";"galeriamoto/71/carenados traseros.png";3448;2;;;;;;;;;;
8;"MTR SX125";"MTR SX125";;71;"Rear fairing";"Plasticas traseras";"galeriamoto/71/carenados traseros.png";3451;3;;;;;;;;;;
8;"MTR SX125";"MTR SX125";;71;"Rear fairing";"Plasticas traseras";"galeriamoto/71/carenados traseros.png";3392;4;;;;;;;;;;
8;"MTR SX125";"MTR SX125";;75;Seat;Asiento;galeriamoto/75/asiento.jpg;3454;1;;;;;;;;;;
8;"MTR SX125";"MTR SX125";;78;Fork;Horquillas;galeriamoto/78/horquillas.jpg;3455;17;;;;;;;;;;
8;"MTR SX125";"MTR SX125";;71;"Rear fairing";"Plasticas traseras";"galeriamoto/71/carenados traseros.png";3456;1;;;;;;;;;;
8;"MTR SX125";"MTR SX125";;71;"Rear fairing";"Plasticas traseras";"galeriamoto/71/carenados traseros.png";3457;2;;;;;;;;;;
8;"MTR SX125";"MTR SX125";;69;Front;Frontal;"galeriamoto/69/frontal carenado.png";3556;2;;;;;;;;;;
8;"MTR SX125";"MTR SX125";;69;Front;Frontal;"galeriamoto/69/frontal carenado.png";3572;2;;;;;;;;;;
8;"MTR SX125";"MTR SX125";;69;Front;Frontal;"galeriamoto/69/frontal carenado.png";3557;1;;;;;;;;;;
8;"MTR SX125";"MTR SX125";;69;Front;Frontal;"galeriamoto/69/frontal carenado.png";3558;1;;;;;;;;;;
8;"MTR SX125";"MTR SX125";;66;"Front Fairing sx";"Cabezal y espejos";galeriamoto/66/frontal.png;3559;1;;;;;;;;;;
8;"MTR SX125";"MTR SX125";;66;"Front Fairing sx";"Cabezal y espejos";galeriamoto/66/frontal.png;3560;1;;;;;;;;;;
8;"MTR SX125";"MTR SX125";;66;"Front Fairing sx";"Cabezal y espejos";galeriamoto/66/frontal.png;3561;4;;;;;;;;;;
8;"MTR SX125";"MTR SX125";;66;"Front Fairing sx";"Cabezal y espejos";galeriamoto/66/frontal.png;3562;5;;;;;;;;;;
8;"MTR SX125";"MTR SX125";;66;"Front Fairing sx";"Cabezal y espejos";galeriamoto/66/frontal.png;3563;6;;;;;;;;;;
8;"MTR SX125";"MTR SX125";;66;"Front Fairing sx";"Cabezal y espejos";galeriamoto/66/frontal.png;3564;7;;;;;;;;;;
8;"MTR SX125";"MTR SX125";;66;"Front Fairing sx";"Cabezal y espejos";galeriamoto/66/frontal.png;3565;8;;;;;;;;;;
8;"MTR SX125";"MTR SX125";;66;"Front Fairing sx";"Cabezal y espejos";galeriamoto/66/frontal.png;3566;9;;;;;;;;;;
8;"MTR SX125";"MTR SX125";;68;"Handlebar sx";Manillar;galeriamoto/68/manillar.png;3567;6;;;;;;;;;;
8;"MTR SX125";"MTR SX125";;69;Front;Frontal;"galeriamoto/69/frontal carenado.png";3568;9;;;;;;;;;;
8;"MTR SX125";"MTR SX125";;69;Front;Frontal;"galeriamoto/69/frontal carenado.png";3569;10;;;;;;;;;;
8;"MTR SX125";"MTR SX125";;72;"Rear fender";"Guardabarros trasero";galeriamoto/72/trasera.png;3570;1;;;;;;;;;;
8;"MTR SX125";"MTR SX125";;72;"Rear fender";"Guardabarros trasero";galeriamoto/72/trasera.png;3571;1;;;;;;;;;;
9;"MTR MCT Euro 5";"MTR MCT Euro 5";;90;Fairing;Plasticos;galeriamoto/90/plasticosvmaz.jpg;3461;40;;;;;;;;;;
9;"MTR MCT Euro 5";"MTR MCT Euro 5";;90;Fairing;Plasticos;galeriamoto/90/plasticosvmaz.jpg;3462;7;;;;;;;;;;
9;"MTR MCT Euro 5";"MTR MCT Euro 5";;90;Fairing;Plasticos;galeriamoto/90/plasticosvmaz.jpg;3463;11;;;;;;;;;;
9;"MTR MCT Euro 5";"MTR MCT Euro 5";;90;Fairing;Plasticos;galeriamoto/90/plasticosvmaz.jpg;3464;12;;;;;;;;;;
9;"MTR MCT Euro 5";"MTR MCT Euro 5";;90;Fairing;Plasticos;galeriamoto/90/plasticosvmaz.jpg;3465;15;;;;;;;;;;
9;"MTR MCT Euro 5";"MTR MCT Euro 5";;90;Fairing;Plasticos;galeriamoto/90/plasticosvmaz.jpg;3467;36;;;;;;;;;;
9;"MTR MCT Euro 5";"MTR MCT Euro 5";;90;Fairing;Plasticos;galeriamoto/90/plasticosvmaz.jpg;3468;37;;;;;;;;;;
9;"MTR MCT Euro 5";"MTR MCT Euro 5";;90;Fairing;Plasticos;galeriamoto/90/plasticosvmaz.jpg;3469;38;;;;;;;;;;
9;"MTR MCT Euro 5";"MTR MCT Euro 5";;89;Engine;Motor;galeriamoto/89/motor.jpg;3471;14;;;;;;;;;;
9;"MTR MCT Euro 5";"MTR MCT Euro 5";;89;Engine;Motor;galeriamoto/89/motor.jpg;3472;14-1;;;;;;;;;;
9;"MTR MCT Euro 5";"MTR MCT Euro 5";;90;Fairing;Plasticos;galeriamoto/90/plasticosvmaz.jpg;3473;20;;;;;;;;;;
9;"MTR MCT Euro 5";"MTR MCT Euro 5";;90;Fairing;Plasticos;galeriamoto/90/plasticosvmaz.jpg;3474;21;;;;;;;;;;
9;"MTR MCT Euro 5";"MTR MCT Euro 5";;90;Fairing;Plasticos;galeriamoto/90/plasticosvmaz.jpg;3475;22;;;;;;;;;;
9;"MTR MCT Euro 5";"MTR MCT Euro 5";;90;Fairing;Plasticos;galeriamoto/90/plasticosvmaz.jpg;3476;23;;;;;;;;;;
9;"MTR MCT Euro 5";"MTR MCT Euro 5";;90;Fairing;Plasticos;galeriamoto/90/plasticosvmaz.jpg;3477;46-1;;;;;;;;;;
9;"MTR MCT Euro 5";"MTR MCT Euro 5";;90;Fairing;Plasticos;galeriamoto/90/plasticosvmaz.jpg;3478;43;;;;;;;;;;
9;"MTR MCT Euro 5";"MTR MCT Euro 5";;87;"Fuel Tank";"Deposito Gasolina";galeriamoto/87/deposito.jpg;3479;2;;;;;;;;;;
9;"MTR MCT Euro 5";"MTR MCT Euro 5";;87;"Fuel Tank";"Deposito Gasolina";galeriamoto/87/deposito.jpg;3480;6;;;;;;;;;;
9;"MTR MCT Euro 5";"MTR MCT Euro 5";;89;Engine;Motor;galeriamoto/89/motor.jpg;3481;9.1;;;;;;;;;;
9;"MTR MCT Euro 5";"MTR MCT Euro 5";;85;Handlebar;Manillar;galeriamoto/85/espejos.jpg;3482;8;;;;;;;;;;
9;"MTR MCT Euro 5";"MTR MCT Euro 5";;85;Handlebar;Manillar;galeriamoto/85/espejos.jpg;3483;9;;;;;;;;;;
9;"MTR MCT Euro 5";"MTR MCT Euro 5";;89;Engine;Motor;galeriamoto/89/motor.jpg;3484;8;;;;;;;;;;
9;"MTR MCT Euro 5";"MTR MCT Euro 5";;88;"Front Fork";Horquilla;galeriamoto/88/Imagen2.jpg;3485;8;;;;;;;;;;
9;"MTR MCT Euro 5";"MTR MCT Euro 5";;88;"Front Fork";Horquilla;galeriamoto/88/Imagen2.jpg;3489;14;;;;;;;;;;
9;"MTR MCT Euro 5";"MTR MCT Euro 5";;88;"Front Fork";Horquilla;galeriamoto/88/Imagen2.jpg;3500;9;;;;;;;;;;
9;"MTR MCT Euro 5";"MTR MCT Euro 5";;88;"Front Fork";Horquilla;galeriamoto/88/Imagen2.jpg;3501;10;;;;;;;;;;
9;"MTR MCT Euro 5";"MTR MCT Euro 5";;88;"Front Fork";Horquilla;galeriamoto/88/Imagen2.jpg;3506;1;;;;;;;;;;
9;"MTR MCT Euro 5";"MTR MCT Euro 5";;88;"Front Fork";Horquilla;galeriamoto/88/Imagen2.jpg;3507;5;;;;;;;;;;
9;"MTR MCT Euro 5";"MTR MCT Euro 5";;88;"Front Fork";Horquilla;galeriamoto/88/Imagen2.jpg;3508;7;;;;;;;;;;
9;"MTR MCT Euro 5";"MTR MCT Euro 5";;88;"Front Fork";Horquilla;galeriamoto/88/Imagen2.jpg;3509;17-1;;;;;;;;;;
9;"MTR MCT Euro 5";"MTR MCT Euro 5";;88;"Front Fork";Horquilla;galeriamoto/88/Imagen2.jpg;3510;17-2;;;;;;;;;;
9;"MTR MCT Euro 5";"MTR MCT Euro 5";;88;"Front Fork";Horquilla;galeriamoto/88/Imagen2.jpg;3524;2;;;;;;;;;;
9;"MTR MCT Euro 5";"MTR MCT Euro 5";;91;"Electrical System";"Sistema Electrico";galeriamoto/91/sistemaelectrico.jpg;3486;6;;;;;;;;;;
9;"MTR MCT Euro 5";"MTR MCT Euro 5";;91;"Electrical System";"Sistema Electrico";galeriamoto/91/sistemaelectrico.jpg;3490;1-1;;;;;;;;;;
9;"MTR MCT Euro 5";"MTR MCT Euro 5";;91;"Electrical System";"Sistema Electrico";galeriamoto/91/sistemaelectrico.jpg;3491;3;;;;;;;;;;
9;"MTR MCT Euro 5";"MTR MCT Euro 5";;91;"Electrical System";"Sistema Electrico";galeriamoto/91/sistemaelectrico.jpg;3492;4;;;;;;;;;;
9;"MTR MCT Euro 5";"MTR MCT Euro 5";;91;"Electrical System";"Sistema Electrico";galeriamoto/91/sistemaelectrico.jpg;3493;5;;;;;;;;;;
9;"MTR MCT Euro 5";"MTR MCT Euro 5";;91;"Electrical System";"Sistema Electrico";galeriamoto/91/sistemaelectrico.jpg;3494;9;;;;;;;;;;
9;"MTR MCT Euro 5";"MTR MCT Euro 5";;91;"Electrical System";"Sistema Electrico";galeriamoto/91/sistemaelectrico.jpg;3495;10;;;;;;;;;;
9;"MTR MCT Euro 5";"MTR MCT Euro 5";;91;"Electrical System";"Sistema Electrico";galeriamoto/91/sistemaelectrico.jpg;3496;11;;;;;;;;;;
9;"MTR MCT Euro 5";"MTR MCT Euro 5";;91;"Electrical System";"Sistema Electrico";galeriamoto/91/sistemaelectrico.jpg;3497;13;;;;;;;;;;
9;"MTR MCT Euro 5";"MTR MCT Euro 5";;91;"Electrical System";"Sistema Electrico";galeriamoto/91/sistemaelectrico.jpg;3498;16;;;;;;;;;;
9;"MTR MCT Euro 5";"MTR MCT Euro 5";;91;"Electrical System";"Sistema Electrico";galeriamoto/91/sistemaelectrico.jpg;3511;7;;;;;;;;;;
9;"MTR MCT Euro 5";"MTR MCT Euro 5";;91;"Electrical System";"Sistema Electrico";galeriamoto/91/sistemaelectrico.jpg;3512;14;;;;;;;;;;
9;"MTR MCT Euro 5";"MTR MCT Euro 5";;91;"Electrical System";"Sistema Electrico";galeriamoto/91/sistemaelectrico.jpg;3513;19;;;;;;;;;;
9;"MTR MCT Euro 5";"MTR MCT Euro 5";;89;Engine;Motor;galeriamoto/89/motor.jpg;3487;13;;;;;;;;;;
9;"MTR MCT Euro 5";"MTR MCT Euro 5";;89;Engine;Motor;galeriamoto/89/motor.jpg;3488;12;;;;;;;;;;
9;"MTR MCT Euro 5";"MTR MCT Euro 5";;89;Engine;Motor;galeriamoto/89/motor.jpg;3514;2;;;;;;;;;;
9;"MTR MCT Euro 5";"MTR MCT Euro 5";;89;Engine;Motor;galeriamoto/89/motor.jpg;3523;15;;;;;;;;;;
9;"MTR MCT Euro 5";"MTR MCT Euro 5";;89;Engine;Motor;galeriamoto/89/motor.jpg;3525;1;;;;;;;;;;
9;"MTR MCT Euro 5";"MTR MCT Euro 5";;90;Fairing;Plasticos;galeriamoto/90/plasticosvmaz.jpg;3504;45;;;;;;;;;;
9;"MTR MCT Euro 5";"MTR MCT Euro 5";;90;Fairing;Plasticos;galeriamoto/90/plasticosvmaz.jpg;3515;1;;;;;;;;;;
9;"MTR MCT Euro 5";"MTR MCT Euro 5";;90;Fairing;Plasticos;galeriamoto/90/plasticosvmaz.jpg;3516;1;;;;;;;;;;
9;"MTR MCT Euro 5";"MTR MCT Euro 5";;90;Fairing;Plasticos;galeriamoto/90/plasticosvmaz.jpg;3517;1;;;;;;;;;;
9;"MTR MCT Euro 5";"MTR MCT Euro 5";;90;Fairing;Plasticos;galeriamoto/90/plasticosvmaz.jpg;3518;6;;;;;;;;;;
9;"MTR MCT Euro 5";"MTR MCT Euro 5";;90;Fairing;Plasticos;galeriamoto/90/plasticosvmaz.jpg;3520;31;;;;;;;;;;
9;"MTR MCT Euro 5";"MTR MCT Euro 5";;90;Fairing;Plasticos;galeriamoto/90/plasticosvmaz.jpg;3521;32;;;;;;;;;;
9;"MTR MCT Euro 5";"MTR MCT Euro 5";;90;Fairing;Plasticos;galeriamoto/90/plasticosvmaz.jpg;3522;33;;;;;;;;;;
9;"MTR MCT Euro 5";"MTR MCT Euro 5";;90;Fairing;Plasticos;galeriamoto/90/plasticosvmaz.jpg;3526;4;;;;;;;;;;
9;"MTR MCT Euro 5";"MTR MCT Euro 5";;90;Fairing;Plasticos;galeriamoto/90/plasticosvmaz.jpg;3527;4;;;;;;;;;;
9;"MTR MCT Euro 5";"MTR MCT Euro 5";;90;Fairing;Plasticos;galeriamoto/90/plasticosvmaz.jpg;3528;4;;;;;;;;;;
9;"MTR MCT Euro 5";"MTR MCT Euro 5";;90;Fairing;Plasticos;galeriamoto/90/plasticosvmaz.jpg;3529;5;;;;;;;;;;
9;"MTR MCT Euro 5";"MTR MCT Euro 5";;90;Fairing;Plasticos;galeriamoto/90/plasticosvmaz.jpg;3530;5;;;;;;;;;;
9;"MTR MCT Euro 5";"MTR MCT Euro 5";;90;Fairing;Plasticos;galeriamoto/90/plasticosvmaz.jpg;3531;9;;;;;;;;;;
9;"MTR MCT Euro 5";"MTR MCT Euro 5";;90;Fairing;Plasticos;galeriamoto/90/plasticosvmaz.jpg;3532;9;;;;;;;;;;
9;"MTR MCT Euro 5";"MTR MCT Euro 5";;90;Fairing;Plasticos;galeriamoto/90/plasticosvmaz.jpg;3533;10;;;;;;;;;;
9;"MTR MCT Euro 5";"MTR MCT Euro 5";;90;Fairing;Plasticos;galeriamoto/90/plasticosvmaz.jpg;3534;10;;;;;;;;;;
9;"MTR MCT Euro 5";"MTR MCT Euro 5";;90;Fairing;Plasticos;galeriamoto/90/plasticosvmaz.jpg;3535;16;;;;;;;;;;
9;"MTR MCT Euro 5";"MTR MCT Euro 5";;90;Fairing;Plasticos;galeriamoto/90/plasticosvmaz.jpg;3536;16;;;;;;;;;;
9;"MTR MCT Euro 5";"MTR MCT Euro 5";;90;Fairing;Plasticos;galeriamoto/90/plasticosvmaz.jpg;3537;17;;;;;;;;;;
9;"MTR MCT Euro 5";"MTR MCT Euro 5";;90;Fairing;Plasticos;galeriamoto/90/plasticosvmaz.jpg;3538;17;;;;;;;;;;
9;"MTR MCT Euro 5";"MTR MCT Euro 5";;90;Fairing;Plasticos;galeriamoto/90/plasticosvmaz.jpg;3539;18;;;;;;;;;;
9;"MTR MCT Euro 5";"MTR MCT Euro 5";;90;Fairing;Plasticos;galeriamoto/90/plasticosvmaz.jpg;3540;18;;;;;;;;;;
9;"MTR MCT Euro 5";"MTR MCT Euro 5";;90;Fairing;Plasticos;galeriamoto/90/plasticosvmaz.jpg;3542;19;;;;;;;;;;
9;"MTR MCT Euro 5";"MTR MCT Euro 5";;90;Fairing;Plasticos;galeriamoto/90/plasticosvmaz.jpg;3543;19;;;;;;;;;;
9;"MTR MCT Euro 5";"MTR MCT Euro 5";;90;Fairing;Plasticos;galeriamoto/90/plasticosvmaz.jpg;3544;19;;;;;;;;;;
9;"MTR MCT Euro 5";"MTR MCT Euro 5";;90;Fairing;Plasticos;galeriamoto/90/plasticosvmaz.jpg;3545;2;;;;;;;;;;
9;"MTR MCT Euro 5";"MTR MCT Euro 5";;90;Fairing;Plasticos;galeriamoto/90/plasticosvmaz.jpg;3546;14-2;;;;;;;;;;
9;"MTR MCT Euro 5";"MTR MCT Euro 5";;90;Fairing;Plasticos;galeriamoto/90/plasticosvmaz.jpg;3547;24;;;;;;;;;;
9;"MTR MCT Euro 5";"MTR MCT Euro 5";;90;Fairing;Plasticos;galeriamoto/90/plasticosvmaz.jpg;3548;25;;;;;;;;;;
9;"MTR MCT Euro 5";"MTR MCT Euro 5";;90;Fairing;Plasticos;galeriamoto/90/plasticosvmaz.jpg;3549;42;;;;;;;;;;
9;"MTR MCT Euro 5";"MTR MCT Euro 5";;90;Fairing;Plasticos;galeriamoto/90/plasticosvmaz.jpg;3550;26;;;;;;;;;;
9;"MTR MCT Euro 5";"MTR MCT Euro 5";;90;Fairing;Plasticos;galeriamoto/90/plasticosvmaz.jpg;3551;27;;;;;;;;;;
9;"MTR MCT Euro 5";"MTR MCT Euro 5";;90;Fairing;Plasticos;galeriamoto/90/plasticosvmaz.jpg;3552;29;;;;;;;;;;
9;"MTR MCT Euro 5";"MTR MCT Euro 5";;90;Fairing;Plasticos;galeriamoto/90/plasticosvmaz.jpg;3553;30;;;;;;;;;;
9;"MTR MCT Euro 5";"MTR MCT Euro 5";;89;Engine;Motor;galeriamoto/89/motor.jpg;3579;12-1;;;;;;;;;;
8;"MTR SX125";"MTR SX125";;66;"Front Fairing sx";"Cabezal y espejos";galeriamoto/66/frontal.png;3590;19;;;;;;;;;;
3;"MTR Adventure 125";"MTR Adventure 125";;64;"Electric Parts and axles";"Partes electricas y ejes";galeriamoto/64/6701.jpg;3604;0;;;;;;;;;;
2;"Scooter MCT";"Scooter MCT";;46;"Spare parts Engine";"Recambios Motor";"galeriamoto/46/motor scooter.jpg";3606;12;;;;;;;;;;
2;"Scooter MCT";"Scooter MCT";;46;"Spare parts Engine";"Recambios Motor";"galeriamoto/46/motor scooter.jpg";3608;13;;;;;;;;;;
9;"MTR MCT Euro 5";"MTR MCT Euro 5";;90;Fairing;Plasticos;galeriamoto/90/plasticosvmaz.jpg;3610;9;;;;;;;;;;
9;"MTR MCT Euro 5";"MTR MCT Euro 5";;90;Fairing;Plasticos;galeriamoto/90/plasticosvmaz.jpg;3611;10;;;;;;;;;;
2;"Scooter MCT";"Scooter MCT";;46;"Spare parts Engine";"Recambios Motor";"galeriamoto/46/motor scooter.jpg";3612;14;;;;;;;;;;
2;"Scooter MCT";"Scooter MCT";;46;"Spare parts Engine";"Recambios Motor";"galeriamoto/46/motor scooter.jpg";3614;15;;;;;;;;;;
2;"Scooter MCT";"Scooter MCT";;46;"Spare parts Engine";"Recambios Motor";"galeriamoto/46/motor scooter.jpg";3615;16;;;;;;;;;;
2;"Scooter MCT";"Scooter MCT";;46;"Spare parts Engine";"Recambios Motor";"galeriamoto/46/motor scooter.jpg";3616;17;;;;;;;;;;
2;"Scooter MCT";"Scooter MCT";;46;"Spare parts Engine";"Recambios Motor";"galeriamoto/46/motor scooter.jpg";3617;18;;;;;;;;;;
9;"MTR MCT Euro 5";"MTR MCT Euro 5";;85;Handlebar;Manillar;galeriamoto/85/espejos.jpg;3618;5;;;;;;;;;;
9;"MTR MCT Euro 5";"MTR MCT Euro 5";;85;Handlebar;Manillar;galeriamoto/85/espejos.jpg;3619;6;;;;;;;;;;
9;"MTR MCT Euro 5";"MTR MCT Euro 5";;90;Fairing;Plasticos;galeriamoto/90/plasticosvmaz.jpg;3620;3-1;;;;;;;;;;
3;"MTR Adventure 125";"MTR Adventure 125";;63;Rim;Ruedas;galeriamoto/63/imagenes.jpg;2947;10;;;;;;;;;;
8;"MTR SX125";"MTR SX125";;66;"Front Fairing sx";"Cabezal y espejos";galeriamoto/66/frontal.png;3594;2;;;;;;;;;;
8;"MTR SX125";"MTR SX125";;78;Fork;Horquillas;galeriamoto/78/horquillas.jpg;3642;10;;;;;;;;;;
8;"MTR SX125";"MTR SX125";;78;Fork;Horquillas;galeriamoto/78/horquillas.jpg;3554;11;;;;;;;;;;
2;"Scooter MCT";"Scooter MCT";;27;"Body Cover";"Plasticas traseras";galeriamoto/27/scootermctBodyCover.jpg;3643;14;;;;;;;;;;
8;"MTR SX125";"MTR SX125";;75;Seat;Asiento;galeriamoto/75/asiento.jpg;3644;2;;;;;;;;;;
8;"MTR SX125";"MTR SX125";;75;Seat;Asiento;galeriamoto/75/asiento.jpg;3645;3;;;;;;;;;;
8;"MTR SX125";"MTR SX125";;78;Fork;Horquillas;galeriamoto/78/horquillas.jpg;3646;1;;;;;;;;;;
8;"MTR SX125";"MTR SX125";;80;"Rear wheel";"Rueda trasera";"galeriamoto/80/rueda trasera.jpg";3647;4;;;;;;;;;;
9;"MTR MCT Euro 5";"MTR MCT Euro 5";;88;"Front Fork";Horquilla;galeriamoto/88/Imagen2.jpg;3648;18;;;;;;;;;;
9;"MTR MCT Euro 5";"MTR MCT Euro 5";;89;Engine;Motor;galeriamoto/89/motor.jpg;3649;12;;;;;;;;;;
8;"MTR SX125";"MTR SX125";;77;"Electric parts assy";"Sistema electrico";"galeriamoto/77/sistema electrico.jpg";3652;12;;;;;;;;;;
9;"MTR MCT Euro 5";"MTR MCT Euro 5";;90;Fairing;Plasticos;galeriamoto/90/plasticosvmaz.jpg;3499;41;;;;;;;;;;
2;"Scooter MCT";"Scooter MCT";;46;"Spare parts Engine";"Recambios Motor";"galeriamoto/46/motor scooter.jpg";3654;20;;;;;;;;;;
2;"Scooter MCT";"Scooter MCT";;46;"Spare parts Engine";"Recambios Motor";"galeriamoto/46/motor scooter.jpg";3676;21;;;;;;;;;;
3;"MTR Adventure 125";"MTR Adventure 125";;62;Engine;Motor;galeriamoto/62/diagram_62.jpg;3677;4_1;;;;;;;;;;
8;"MTR SX125";"MTR SX125";;79;"Front wheel";"Rueda delantera";"galeriamoto/79/rueda delantera.jpg";3682;3;;;;;;;;;;
8;"MTR SX125";"MTR SX125";;84;Engine;Motor;"galeriamoto/84/motor scooter.jpg";3683;1;;;;;;;;;;
8;"MTR SX125";"MTR SX125";;84;Engine;Motor;"galeriamoto/84/motor scooter.jpg";3685;2;;;;;;;;;;
8;"MTR SX125";"MTR SX125";;69;Front;Frontal;"galeriamoto/69/frontal carenado.png";3689;14.2;;;;;;;;;;
8;"MTR SX125";"MTR SX125";;69;Front;Frontal;"galeriamoto/69/frontal carenado.png";3690;14.2;;;;;;;;;;
9;"MTR MCT Euro 5";"MTR MCT Euro 5";;87;"Fuel Tank";"Deposito Gasolina";galeriamoto/87/deposito.jpg;3505;3;;;;;;;;;;
9;"MTR MCT Euro 5";"MTR MCT Euro 5";;87;"Fuel Tank";"Deposito Gasolina";galeriamoto/87/deposito.jpg;3692;5;;;;;;;;;;
3;"MTR Adventure 125";"MTR Adventure 125";;92;"Parts engine";"Piezas de motor";galeriamoto/92/9281.jpg;3717;1;;;;;;;;;;
3;"MTR Adventure 125";"MTR Adventure 125";;92;"Parts engine";"Piezas de motor";galeriamoto/92/9281.jpg;3718;2;;;;;;;;;;
3;"MTR Adventure 125";"MTR Adventure 125";;92;"Parts engine";"Piezas de motor";galeriamoto/92/9281.jpg;3719;3;;;;;;;;;;
3;"MTR Adventure 125";"MTR Adventure 125";;92;"Parts engine";"Piezas de motor";galeriamoto/92/9281.jpg;3720;4;;;;;;;;;;
3;"MTR Adventure 125";"MTR Adventure 125";;92;"Parts engine";"Piezas de motor";galeriamoto/92/9281.jpg;3693;5;;;;;;;;;;
3;"MTR Adventure 125";"MTR Adventure 125";;92;"Parts engine";"Piezas de motor";galeriamoto/92/9281.jpg;3694;6;;;;;;;;;;
3;"MTR Adventure 125";"MTR Adventure 125";;92;"Parts engine";"Piezas de motor";galeriamoto/92/9281.jpg;3695;7;;;;;;;;;;
3;"MTR Adventure 125";"MTR Adventure 125";;92;"Parts engine";"Piezas de motor";galeriamoto/92/9281.jpg;3696;8;;;;;;;;;;
3;"MTR Adventure 125";"MTR Adventure 125";;92;"Parts engine";"Piezas de motor";galeriamoto/92/9281.jpg;3697;9;;;;;;;;;;
3;"MTR Adventure 125";"MTR Adventure 125";;92;"Parts engine";"Piezas de motor";galeriamoto/92/9281.jpg;3698;10;;;;;;;;;;
3;"MTR Adventure 125";"MTR Adventure 125";;92;"Parts engine";"Piezas de motor";galeriamoto/92/9281.jpg;3699;11;;;;;;;;;;
3;"MTR Adventure 125";"MTR Adventure 125";;92;"Parts engine";"Piezas de motor";galeriamoto/92/9281.jpg;3700;12;;;;;;;;;;
3;"MTR Adventure 125";"MTR Adventure 125";;92;"Parts engine";"Piezas de motor";galeriamoto/92/9281.jpg;3701;13;;;;;;;;;;
3;"MTR Adventure 125";"MTR Adventure 125";;92;"Parts engine";"Piezas de motor";galeriamoto/92/9281.jpg;3702;14;;;;;;;;;;
3;"MTR Adventure 125";"MTR Adventure 125";;92;"Parts engine";"Piezas de motor";galeriamoto/92/9281.jpg;3703;15;;;;;;;;;;
3;"MTR Adventure 125";"MTR Adventure 125";;92;"Parts engine";"Piezas de motor";galeriamoto/92/9281.jpg;3704;16;;;;;;;;;;
3;"MTR Adventure 125";"MTR Adventure 125";;92;"Parts engine";"Piezas de motor";galeriamoto/92/9281.jpg;3705;17;;;;;;;;;;
3;"MTR Adventure 125";"MTR Adventure 125";;92;"Parts engine";"Piezas de motor";galeriamoto/92/9281.jpg;3706;18;;;;;;;;;;
3;"MTR Adventure 125";"MTR Adventure 125";;92;"Parts engine";"Piezas de motor";galeriamoto/92/9281.jpg;3707;19;;;;;;;;;;
3;"MTR Adventure 125";"MTR Adventure 125";;92;"Parts engine";"Piezas de motor";galeriamoto/92/9281.jpg;3708;20;;;;;;;;;;
3;"MTR Adventure 125";"MTR Adventure 125";;92;"Parts engine";"Piezas de motor";galeriamoto/92/9281.jpg;3709;21;;;;;;;;;;
3;"MTR Adventure 125";"MTR Adventure 125";;92;"Parts engine";"Piezas de motor";galeriamoto/92/9281.jpg;3710;22;;;;;;;;;;
3;"MTR Adventure 125";"MTR Adventure 125";;92;"Parts engine";"Piezas de motor";galeriamoto/92/9281.jpg;3711;23;;;;;;;;;;
3;"MTR Adventure 125";"MTR Adventure 125";;92;"Parts engine";"Piezas de motor";galeriamoto/92/9281.jpg;3712;24;;;;;;;;;;
3;"MTR Adventure 125";"MTR Adventure 125";;92;"Parts engine";"Piezas de motor";galeriamoto/92/9281.jpg;3714;25;;;;;;;;;;
3;"MTR Adventure 125";"MTR Adventure 125";;92;"Parts engine";"Piezas de motor";galeriamoto/92/9281.jpg;3715;26;;;;;;;;;;
3;"MTR Adventure 125";"MTR Adventure 125";;92;"Parts engine";"Piezas de motor";galeriamoto/92/9281.jpg;3716;27;;;;;;;;;;
3;"MTR Adventure 125";"MTR Adventure 125";;92;"Parts engine";"Piezas de motor";galeriamoto/92/9281.jpg;3721;29;;;;;;;;;;
3;"MTR Adventure 125";"MTR Adventure 125";;92;"Parts engine";"Piezas de motor";galeriamoto/92/9281.jpg;3722;30;;;;;;;;;;
3;"MTR Adventure 125";"MTR Adventure 125";;92;"Parts engine";"Piezas de motor";galeriamoto/92/9281.jpg;3723;31;;;;;;;;;;
3;"MTR Adventure 125";"MTR Adventure 125";;92;"Parts engine";"Piezas de motor";galeriamoto/92/9281.jpg;3724;32;;;;;;;;;;
3;"MTR Adventure 125";"MTR Adventure 125";;92;"Parts engine";"Piezas de motor";galeriamoto/92/9281.jpg;3725;33;;;;;;;;;;
3;"MTR Adventure 125";"MTR Adventure 125";;92;"Parts engine";"Piezas de motor";galeriamoto/92/9281.jpg;3726;34;;;;;;;;;;
3;"MTR Adventure 125";"MTR Adventure 125";;92;"Parts engine";"Piezas de motor";galeriamoto/92/9281.jpg;3727;35;;;;;;;;;;
3;"MTR Adventure 125";"MTR Adventure 125";;92;"Parts engine";"Piezas de motor";galeriamoto/92/9281.jpg;3728;36;;;;;;;;;;
3;"MTR Adventure 125";"MTR Adventure 125";;92;"Parts engine";"Piezas de motor";galeriamoto/92/9281.jpg;3729;37;;;;;;;;;;
3;"MTR Adventure 125";"MTR Adventure 125";;92;"Parts engine";"Piezas de motor";galeriamoto/92/9281.jpg;3730;38;;;;;;;;;;
3;"MTR Adventure 125";"MTR Adventure 125";;92;"Parts engine";"Piezas de motor";galeriamoto/92/9281.jpg;3731;39;;;;;;;;;;
3;"MTR Adventure 125";"MTR Adventure 125";;92;"Parts engine";"Piezas de motor";galeriamoto/92/9281.jpg;3732;40;;;;;;;;;;
3;"MTR Adventure 125";"MTR Adventure 125";;92;"Parts engine";"Piezas de motor";galeriamoto/92/9281.jpg;3733;41;;;;;;;;;;
3;"MTR Adventure 125";"MTR Adventure 125";;92;"Parts engine";"Piezas de motor";galeriamoto/92/9281.jpg;3734;42;;;;;;;;;;
3;"MTR Adventure 125";"MTR Adventure 125";;92;"Parts engine";"Piezas de motor";galeriamoto/92/9281.jpg;3735;43;;;;;;;;;;
3;"MTR Adventure 125";"MTR Adventure 125";;92;"Parts engine";"Piezas de motor";galeriamoto/92/9281.jpg;3736;44;;;;;;;;;;
3;"MTR Adventure 125";"MTR Adventure 125";;92;"Parts engine";"Piezas de motor";galeriamoto/92/9281.jpg;3737;45;;;;;;;;;;
3;"MTR Adventure 125";"MTR Adventure 125";;92;"Parts engine";"Piezas de motor";galeriamoto/92/9281.jpg;3738;46;;;;;;;;;;
3;"MTR Adventure 125";"MTR Adventure 125";;92;"Parts engine";"Piezas de motor";galeriamoto/92/9281.jpg;3739;47;;;;;;;;;;
3;"MTR Adventure 125";"MTR Adventure 125";;92;"Parts engine";"Piezas de motor";galeriamoto/92/9281.jpg;3740;48;;;;;;;;;;
3;"MTR Adventure 125";"MTR Adventure 125";;92;"Parts engine";"Piezas de motor";galeriamoto/92/9281.jpg;3741;49;;;;;;;;;;
3;"MTR Adventure 125";"MTR Adventure 125";;92;"Parts engine";"Piezas de motor";galeriamoto/92/9281.jpg;3742;50;;;;;;;;;;
3;"MTR Adventure 125";"MTR Adventure 125";;92;"Parts engine";"Piezas de motor";galeriamoto/92/9281.jpg;3743;51;;;;;;;;;;
3;"MTR Adventure 125";"MTR Adventure 125";;92;"Parts engine";"Piezas de motor";galeriamoto/92/9281.jpg;3744;52;;;;;;;;;;
1;"Super Furious RR";"Super Furious RR";;93;Chasis;Chasis;galeriamoto/93/chasis.jpg;3752;1;;;;;;;;;;
8;"MTR SX125";"MTR SX125";;66;"Front Fairing sx";"Cabezal y espejos";galeriamoto/66/frontal.png;3415;5E4;;;;;;;;;;
8;"MTR SX125";"MTR SX125";;66;"Front Fairing sx";"Cabezal y espejos";galeriamoto/66/frontal.png;3416;7E4;;;;;;;;;;
3;"MTR Adventure 125";"MTR Adventure 125";;62;Engine;Motor;galeriamoto/62/diagram_62.jpg;3757;4;;;;;;;;;;
8;"MTR SX125";"MTR SX125";;69;Front;Frontal;"galeriamoto/69/frontal carenado.png";3760;4;;;;;;;;;;
8;"MTR SX125";"MTR SX125";;69;Front;Frontal;"galeriamoto/69/frontal carenado.png";3761;3;;;;;;;;;;
8;"MTR SX125";"MTR SX125";;69;Front;Frontal;"galeriamoto/69/frontal carenado.png";3762;5;;;;;;;;;;
8;"MTR SX125";"MTR SX125";;77;"Electric parts assy";"Sistema electrico";"galeriamoto/77/sistema electrico.jpg";3765;6;;;;;;;;;;
8;"MTR SX125";"MTR SX125";;74;Footrest;"Bajo pies";"galeriamoto/74/bajo pies.jpg";3763;6;;;;;;;;;;
8;"MTR SX125";"MTR SX125";;68;"Handlebar sx";Manillar;galeriamoto/68/manillar.png;3766;9;;;;;;;;;;
8;"MTR SX125";"MTR SX125";;79;"Front wheel";"Rueda delantera";"galeriamoto/79/rueda delantera.jpg";3767;5;;;;;;;;;;
8;"MTR SX125";"MTR SX125";;83;Brakes;Frenos;galeriamoto/83/frenos.jpg;3768;2;;;;;;;;;;
8;"MTR SX125";"MTR SX125";;83;Brakes;Frenos;galeriamoto/83/frenos.jpg;3769;10;;;;;;;;;;
8;"MTR SX125";"MTR SX125";;83;Brakes;Frenos;galeriamoto/83/frenos.jpg;3770;12;;;;;;;;;;
8;"MTR SX125";"MTR SX125";;83;Brakes;Frenos;galeriamoto/83/frenos.jpg;3771;13;;;;;;;;;;
8;"MTR SX125";"MTR SX125";;83;Brakes;Frenos;galeriamoto/83/frenos.jpg;3772;14;;;;;;;;;;
8;"MTR SX125";"MTR SX125";;68;"Handlebar sx";Manillar;galeriamoto/68/manillar.png;3682;9-1;;;;;;;;;;
8;"MTR SX125";"MTR SX125";;76;"Fuel tank";"Sistema de combustion";"galeriamoto/76/deposito y partes.jpg";3764;17;;;;;;;;;;
8;"MTR SX125";"MTR SX125";;74;Footrest;"Bajo pies";"galeriamoto/74/bajo pies.jpg";3779;7;;;;;;;;;;
8;"MTR SX125";"MTR SX125";;80;"Rear wheel";"Rueda trasera";"galeriamoto/80/rueda trasera.jpg";3435;11;;;;;;;;;;
9;"MTR MCT Euro 5";"MTR MCT Euro 5";;86;Frame;Chasis;galeriamoto/86/10726.jpg;3782;20;;;;;;;;;;
9;"MTR MCT Euro 5";"MTR MCT Euro 5";;86;Frame;Chasis;galeriamoto/86/10726.jpg;3502;3;;;;;;;;;;
9;"MTR MCT Euro 5";"MTR MCT Euro 5";;86;Frame;Chasis;galeriamoto/86/10726.jpg;3503;4;;;;;;;;;;
2;"Scooter MCT";"Scooter MCT";;46;"Spare parts Engine";"Recambios Motor";"galeriamoto/46/motor scooter.jpg";3785;22;;;;;;;;;;
2;"Scooter MCT";"Scooter MCT";;46;"Spare parts Engine";"Recambios Motor";"galeriamoto/46/motor scooter.jpg";3786;23;;;;;;;;;;
2;"Scooter MCT";"Scooter MCT";;46;"Spare parts Engine";"Recambios Motor";"galeriamoto/46/motor scooter.jpg";3787;24;;;;;;;;;;
2;"Scooter MCT";"Scooter MCT";;46;"Spare parts Engine";"Recambios Motor";"galeriamoto/46/motor scooter.jpg";3788;25;;;;;;;;;;
2;"Scooter MCT";"Scooter MCT";;46;"Spare parts Engine";"Recambios Motor";"galeriamoto/46/motor scooter.jpg";3789;26;;;;;;;;;;
2;"Scooter MCT";"Scooter MCT";;46;"Spare parts Engine";"Recambios Motor";"galeriamoto/46/motor scooter.jpg";3790;27;;;;;;;;;;
2;"Scooter MCT";"Scooter MCT";;46;"Spare parts Engine";"Recambios Motor";"galeriamoto/46/motor scooter.jpg";3791;28;;;;;;;;;;
2;"Scooter MCT";"Scooter MCT";;46;"Spare parts Engine";"Recambios Motor";"galeriamoto/46/motor scooter.jpg";3792;29;;;;;;;;;;
2;"Scooter MCT";"Scooter MCT";;46;"Spare parts Engine";"Recambios Motor";"galeriamoto/46/motor scooter.jpg";3793;30;;;;;;;;;;
2;"Scooter MCT";"Scooter MCT";;46;"Spare parts Engine";"Recambios Motor";"galeriamoto/46/motor scooter.jpg";3794;31;;;;;;;;;;
2;"Scooter MCT";"Scooter MCT";;46;"Spare parts Engine";"Recambios Motor";"galeriamoto/46/motor scooter.jpg";3795;32;;;;;;;;;;
2;"Scooter MCT";"Scooter MCT";;46;"Spare parts Engine";"Recambios Motor";"galeriamoto/46/motor scooter.jpg";3796;33;;;;;;;;;;
2;"Scooter MCT";"Scooter MCT";;46;"Spare parts Engine";"Recambios Motor";"galeriamoto/46/motor scooter.jpg";3797;34;;;;;;;;;;
2;"Scooter MCT";"Scooter MCT";;46;"Spare parts Engine";"Recambios Motor";"galeriamoto/46/motor scooter.jpg";3798;35;;;;;;;;;;
2;"Scooter MCT";"Scooter MCT";;46;"Spare parts Engine";"Recambios Motor";"galeriamoto/46/motor scooter.jpg";3799;36;;;;;;;;;;
2;"Scooter MCT";"Scooter MCT";;46;"Spare parts Engine";"Recambios Motor";"galeriamoto/46/motor scooter.jpg";3800;37;;;;;;;;;;
2;"Scooter MCT";"Scooter MCT";;46;"Spare parts Engine";"Recambios Motor";"galeriamoto/46/motor scooter.jpg";3801;38;;;;;;;;;;
2;"Scooter MCT";"Scooter MCT";;46;"Spare parts Engine";"Recambios Motor";"galeriamoto/46/motor scooter.jpg";3802;39;;;;;;;;;;
2;"Scooter MCT";"Scooter MCT";;46;"Spare parts Engine";"Recambios Motor";"galeriamoto/46/motor scooter.jpg";3803;40;;;;;;;;;;
2;"Scooter MCT";"Scooter MCT";;46;"Spare parts Engine";"Recambios Motor";"galeriamoto/46/motor scooter.jpg";3804;41;;;;;;;;;;
8;"MTR SX125";"MTR SX125";;72;"Rear fender";"Guardabarros trasero";galeriamoto/72/trasera.png;3452;7;;;;;;;;;;
3;"MTR Adventure 125";"MTR Adventure 125";;60;"Tank and Body Plastic";"Depositos y carenados";galeriamoto/60/imagenes.jpg;3820;20;;;;;;;;;;
10;"Grand Tour";"Grand Tour";;95;"Handlebar and mirrors";"Manillar y espejos Grand Tour";galeriamoto/95/manillarespejosgrand.jpg;3821;1;;;;;;;;;;
10;"Grand Tour";"Grand Tour";;95;"Handlebar and mirrors";"Manillar y espejos Grand Tour";galeriamoto/95/manillarespejosgrand.jpg;3822;2;;;;;;;;;;
10;"Grand Tour";"Grand Tour";;95;"Handlebar and mirrors";"Manillar y espejos Grand Tour";galeriamoto/95/manillarespejosgrand.jpg;3823;6;;;;;;;;;;
10;"Grand Tour";"Grand Tour";;95;"Handlebar and mirrors";"Manillar y espejos Grand Tour";galeriamoto/95/manillarespejosgrand.jpg;3824;8;;;;;;;;;;
10;"Grand Tour";"Grand Tour";;95;"Handlebar and mirrors";"Manillar y espejos Grand Tour";galeriamoto/95/manillarespejosgrand.jpg;3825;12;;;;;;;;;;
10;"Grand Tour";"Grand Tour";;95;"Handlebar and mirrors";"Manillar y espejos Grand Tour";galeriamoto/95/manillarespejosgrand.jpg;3826;14;;;;;;;;;;
10;"Grand Tour";"Grand Tour";;95;"Handlebar and mirrors";"Manillar y espejos Grand Tour";galeriamoto/95/manillarespejosgrand.jpg;3827;15;;;;;;;;;;
10;"Grand Tour";"Grand Tour";;97;"Front fairing Grand Tour";"Plasticos delanteros Grand Tour";"galeriamoto/97/plasticos delanteros.jpg";3828;1;;;;;;;;;;
10;"Grand Tour";"Grand Tour";;97;"Front fairing Grand Tour";"Plasticos delanteros Grand Tour";"galeriamoto/97/plasticos delanteros.jpg";3829;2;;;;;;;;;;
10;"Grand Tour";"Grand Tour";;97;"Front fairing Grand Tour";"Plasticos delanteros Grand Tour";"galeriamoto/97/plasticos delanteros.jpg";3830;3;;;;;;;;;;
10;"Grand Tour";"Grand Tour";;97;"Front fairing Grand Tour";"Plasticos delanteros Grand Tour";"galeriamoto/97/plasticos delanteros.jpg";3831;4;;;;;;;;;;
10;"Grand Tour";"Grand Tour";;97;"Front fairing Grand Tour";"Plasticos delanteros Grand Tour";"galeriamoto/97/plasticos delanteros.jpg";3832;5;;;;;;;;;;
10;"Grand Tour";"Grand Tour";;97;"Front fairing Grand Tour";"Plasticos delanteros Grand Tour";"galeriamoto/97/plasticos delanteros.jpg";3833;6;;;;;;;;;;
10;"Grand Tour";"Grand Tour";;97;"Front fairing Grand Tour";"Plasticos delanteros Grand Tour";"galeriamoto/97/plasticos delanteros.jpg";3834;7;;;;;;;;;;
10;"Grand Tour";"Grand Tour";;97;"Front fairing Grand Tour";"Plasticos delanteros Grand Tour";"galeriamoto/97/plasticos delanteros.jpg";3835;8;;;;;;;;;;
10;"Grand Tour";"Grand Tour";;97;"Front fairing Grand Tour";"Plasticos delanteros Grand Tour";"galeriamoto/97/plasticos delanteros.jpg";3836;9;;;;;;;;;;
10;"Grand Tour";"Grand Tour";;97;"Front fairing Grand Tour";"Plasticos delanteros Grand Tour";"galeriamoto/97/plasticos delanteros.jpg";3837;10;;;;;;;;;;
10;"Grand Tour";"Grand Tour";;97;"Front fairing Grand Tour";"Plasticos delanteros Grand Tour";"galeriamoto/97/plasticos delanteros.jpg";3838;11;;;;;;;;;;
10;"Grand Tour";"Grand Tour";;97;"Front fairing Grand Tour";"Plasticos delanteros Grand Tour";"galeriamoto/97/plasticos delanteros.jpg";3839;12;;;;;;;;;;
10;"Grand Tour";"Grand Tour";;97;"Front fairing Grand Tour";"Plasticos delanteros Grand Tour";"galeriamoto/97/plasticos delanteros.jpg";3840;13;;;;;;;;;;
10;"Grand Tour";"Grand Tour";;97;"Front fairing Grand Tour";"Plasticos delanteros Grand Tour";"galeriamoto/97/plasticos delanteros.jpg";3841;14;;;;;;;;;;
10;"Grand Tour";"Grand Tour";;97;"Front fairing Grand Tour";"Plasticos delanteros Grand Tour";"galeriamoto/97/plasticos delanteros.jpg";3842;15;;;;;;;;;;
10;"Grand Tour";"Grand Tour";;97;"Front fairing Grand Tour";"Plasticos delanteros Grand Tour";"galeriamoto/97/plasticos delanteros.jpg";3843;16;;;;;;;;;;
10;"Grand Tour";"Grand Tour";;97;"Front fairing Grand Tour";"Plasticos delanteros Grand Tour";"galeriamoto/97/plasticos delanteros.jpg";3844;17;;;;;;;;;;
10;"Grand Tour";"Grand Tour";;97;"Front fairing Grand Tour";"Plasticos delanteros Grand Tour";"galeriamoto/97/plasticos delanteros.jpg";3845;18;;;;;;;;;;
10;"Grand Tour";"Grand Tour";;98;"Seat and fairing Grand Tour";"Asiento y plasticos Grand Tour";"galeriamoto/98/asiento y plasticos.jpg";3846;19;;;;;;;;;;
10;"Grand Tour";"Grand Tour";;98;"Seat and fairing Grand Tour";"Asiento y plasticos Grand Tour";"galeriamoto/98/asiento y plasticos.jpg";3847;20;;;;;;;;;;
10;"Grand Tour";"Grand Tour";;98;"Seat and fairing Grand Tour";"Asiento y plasticos Grand Tour";"galeriamoto/98/asiento y plasticos.jpg";3848;21;;;;;;;;;;
10;"Grand Tour";"Grand Tour";;98;"Seat and fairing Grand Tour";"Asiento y plasticos Grand Tour";"galeriamoto/98/asiento y plasticos.jpg";3849;22;;;;;;;;;;
10;"Grand Tour";"Grand Tour";;98;"Seat and fairing Grand Tour";"Asiento y plasticos Grand Tour";"galeriamoto/98/asiento y plasticos.jpg";3850;23;;;;;;;;;;
10;"Grand Tour";"Grand Tour";;98;"Seat and fairing Grand Tour";"Asiento y plasticos Grand Tour";"galeriamoto/98/asiento y plasticos.jpg";3851;24;;;;;;;;;;
10;"Grand Tour";"Grand Tour";;98;"Seat and fairing Grand Tour";"Asiento y plasticos Grand Tour";"galeriamoto/98/asiento y plasticos.jpg";3852;25;;;;;;;;;;
10;"Grand Tour";"Grand Tour";;98;"Seat and fairing Grand Tour";"Asiento y plasticos Grand Tour";"galeriamoto/98/asiento y plasticos.jpg";3853;26;;;;;;;;;;
10;"Grand Tour";"Grand Tour";;98;"Seat and fairing Grand Tour";"Asiento y plasticos Grand Tour";"galeriamoto/98/asiento y plasticos.jpg";3854;27;;;;;;;;;;
10;"Grand Tour";"Grand Tour";;98;"Seat and fairing Grand Tour";"Asiento y plasticos Grand Tour";"galeriamoto/98/asiento y plasticos.jpg";3855;31;;;;;;;;;;
10;"Grand Tour";"Grand Tour";;98;"Seat and fairing Grand Tour";"Asiento y plasticos Grand Tour";"galeriamoto/98/asiento y plasticos.jpg";3856;32;;;;;;;;;;
10;"Grand Tour";"Grand Tour";;98;"Seat and fairing Grand Tour";"Asiento y plasticos Grand Tour";"galeriamoto/98/asiento y plasticos.jpg";3857;33;;;;;;;;;;
10;"Grand Tour";"Grand Tour";;98;"Seat and fairing Grand Tour";"Asiento y plasticos Grand Tour";"galeriamoto/98/asiento y plasticos.jpg";3858;34;;;;;;;;;;
10;"Grand Tour";"Grand Tour";;98;"Seat and fairing Grand Tour";"Asiento y plasticos Grand Tour";"galeriamoto/98/asiento y plasticos.jpg";3859;35;;;;;;;;;;
10;"Grand Tour";"Grand Tour";;98;"Seat and fairing Grand Tour";"Asiento y plasticos Grand Tour";"galeriamoto/98/asiento y plasticos.jpg";3860;36;;;;;;;;;;
10;"Grand Tour";"Grand Tour";;98;"Seat and fairing Grand Tour";"Asiento y plasticos Grand Tour";"galeriamoto/98/asiento y plasticos.jpg";3861;37;;;;;;;;;;
10;"Grand Tour";"Grand Tour";;98;"Seat and fairing Grand Tour";"Asiento y plasticos Grand Tour";"galeriamoto/98/asiento y plasticos.jpg";3862;38;;;;;;;;;;
10;"Grand Tour";"Grand Tour";;98;"Seat and fairing Grand Tour";"Asiento y plasticos Grand Tour";"galeriamoto/98/asiento y plasticos.jpg";3863;39;;;;;;;;;;
10;"Grand Tour";"Grand Tour";;98;"Seat and fairing Grand Tour";"Asiento y plasticos Grand Tour";"galeriamoto/98/asiento y plasticos.jpg";3864;40;;;;;;;;;;
10;"Grand Tour";"Grand Tour";;98;"Seat and fairing Grand Tour";"Asiento y plasticos Grand Tour";"galeriamoto/98/asiento y plasticos.jpg";3865;41;;;;;;;;;;
10;"Grand Tour";"Grand Tour";;98;"Seat and fairing Grand Tour";"Asiento y plasticos Grand Tour";"galeriamoto/98/asiento y plasticos.jpg";3866;42;;;;;;;;;;
10;"Grand Tour";"Grand Tour";;98;"Seat and fairing Grand Tour";"Asiento y plasticos Grand Tour";"galeriamoto/98/asiento y plasticos.jpg";3867;43;;;;;;;;;;
10;"Grand Tour";"Grand Tour";;98;"Seat and fairing Grand Tour";"Asiento y plasticos Grand Tour";"galeriamoto/98/asiento y plasticos.jpg";3868;44;;;;;;;;;;
10;"Grand Tour";"Grand Tour";;98;"Seat and fairing Grand Tour";"Asiento y plasticos Grand Tour";"galeriamoto/98/asiento y plasticos.jpg";3869;45;;;;;;;;;;
10;"Grand Tour";"Grand Tour";;98;"Seat and fairing Grand Tour";"Asiento y plasticos Grand Tour";"galeriamoto/98/asiento y plasticos.jpg";3870;52;;;;;;;;;;
10;"Grand Tour";"Grand Tour";;98;"Seat and fairing Grand Tour";"Asiento y plasticos Grand Tour";"galeriamoto/98/asiento y plasticos.jpg";3871;53;;;;;;;;;;
10;"Grand Tour";"Grand Tour";;98;"Seat and fairing Grand Tour";"Asiento y plasticos Grand Tour";"galeriamoto/98/asiento y plasticos.jpg";3872;54;;;;;;;;;;
10;"Grand Tour";"Grand Tour";;98;"Seat and fairing Grand Tour";"Asiento y plasticos Grand Tour";"galeriamoto/98/asiento y plasticos.jpg";3873;56;;;;;;;;;;
10;"Grand Tour";"Grand Tour";;98;"Seat and fairing Grand Tour";"Asiento y plasticos Grand Tour";"galeriamoto/98/asiento y plasticos.jpg";3874;57;;;;;;;;;;
10;"Grand Tour";"Grand Tour";;96;"Front brake, forks and front wheel";"Frenos, horquilla y rueda delantera";galeriamoto/96/frenosyhorquillas.jpg;3875;1;;;;;;;;;;
10;"Grand Tour";"Grand Tour";;96;"Front brake, forks and front wheel";"Frenos, horquilla y rueda delantera";galeriamoto/96/frenosyhorquillas.jpg;3876;2;;;;;;;;;;
10;"Grand Tour";"Grand Tour";;96;"Front brake, forks and front wheel";"Frenos, horquilla y rueda delantera";galeriamoto/96/frenosyhorquillas.jpg;3877;3;;;;;;;;;;
10;"Grand Tour";"Grand Tour";;96;"Front brake, forks and front wheel";"Frenos, horquilla y rueda delantera";galeriamoto/96/frenosyhorquillas.jpg;3878;4;;;;;;;;;;
10;"Grand Tour";"Grand Tour";;96;"Front brake, forks and front wheel";"Frenos, horquilla y rueda delantera";galeriamoto/96/frenosyhorquillas.jpg;3879;7;;;;;;;;;;
10;"Grand Tour";"Grand Tour";;96;"Front brake, forks and front wheel";"Frenos, horquilla y rueda delantera";galeriamoto/96/frenosyhorquillas.jpg;3880;10;;;;;;;;;;
10;"Grand Tour";"Grand Tour";;96;"Front brake, forks and front wheel";"Frenos, horquilla y rueda delantera";galeriamoto/96/frenosyhorquillas.jpg;3881;10.6;;;;;;;;;;
10;"Grand Tour";"Grand Tour";;96;"Front brake, forks and front wheel";"Frenos, horquilla y rueda delantera";galeriamoto/96/frenosyhorquillas.jpg;3882;11;;;;;;;;;;
10;"Grand Tour";"Grand Tour";;96;"Front brake, forks and front wheel";"Frenos, horquilla y rueda delantera";galeriamoto/96/frenosyhorquillas.jpg;3883;13;;;;;;;;;;
10;"Grand Tour";"Grand Tour";;101;"Electric system Grand Tour";"Sistema Electrico Grand Tour";galeriamoto/101/parteelectricagrand.jpg;3884;1;;;;;;;;;;
10;"Grand Tour";"Grand Tour";;101;"Electric system Grand Tour";"Sistema Electrico Grand Tour";galeriamoto/101/parteelectricagrand.jpg;3885;2;;;;;;;;;;
10;"Grand Tour";"Grand Tour";;101;"Electric system Grand Tour";"Sistema Electrico Grand Tour";galeriamoto/101/parteelectricagrand.jpg;3886;3;;;;;;;;;;
10;"Grand Tour";"Grand Tour";;101;"Electric system Grand Tour";"Sistema Electrico Grand Tour";galeriamoto/101/parteelectricagrand.jpg;3887;5;;;;;;;;;;
10;"Grand Tour";"Grand Tour";;101;"Electric system Grand Tour";"Sistema Electrico Grand Tour";galeriamoto/101/parteelectricagrand.jpg;3888;6;;;;;;;;;;
10;"Grand Tour";"Grand Tour";;101;"Electric system Grand Tour";"Sistema Electrico Grand Tour";galeriamoto/101/parteelectricagrand.jpg;3889;7;;;;;;;;;;
10;"Grand Tour";"Grand Tour";;101;"Electric system Grand Tour";"Sistema Electrico Grand Tour";galeriamoto/101/parteelectricagrand.jpg;3890;8;;;;;;;;;;
10;"Grand Tour";"Grand Tour";;101;"Electric system Grand Tour";"Sistema Electrico Grand Tour";galeriamoto/101/parteelectricagrand.jpg;3891;9;;;;;;;;;;
10;"Grand Tour";"Grand Tour";;101;"Electric system Grand Tour";"Sistema Electrico Grand Tour";galeriamoto/101/parteelectricagrand.jpg;3892;10;;;;;;;;;;
10;"Grand Tour";"Grand Tour";;101;"Electric system Grand Tour";"Sistema Electrico Grand Tour";galeriamoto/101/parteelectricagrand.jpg;3893;11;;;;;;;;;;
10;"Grand Tour";"Grand Tour";;101;"Electric system Grand Tour";"Sistema Electrico Grand Tour";galeriamoto/101/parteelectricagrand.jpg;3894;12;;;;;;;;;;
10;"Grand Tour";"Grand Tour";;101;"Electric system Grand Tour";"Sistema Electrico Grand Tour";galeriamoto/101/parteelectricagrand.jpg;3895;13;;;;;;;;;;
10;"Grand Tour";"Grand Tour";;101;"Electric system Grand Tour";"Sistema Electrico Grand Tour";galeriamoto/101/parteelectricagrand.jpg;3896;14;;;;;;;;;;
10;"Grand Tour";"Grand Tour";;101;"Electric system Grand Tour";"Sistema Electrico Grand Tour";galeriamoto/101/parteelectricagrand.jpg;3897;15;;;;;;;;;;
10;"Grand Tour";"Grand Tour";;101;"Electric system Grand Tour";"Sistema Electrico Grand Tour";galeriamoto/101/parteelectricagrand.jpg;3898;16;;;;;;;;;;
10;"Grand Tour";"Grand Tour";;101;"Electric system Grand Tour";"Sistema Electrico Grand Tour";galeriamoto/101/parteelectricagrand.jpg;3899;17;;;;;;;;;;
10;"Grand Tour";"Grand Tour";;101;"Electric system Grand Tour";"Sistema Electrico Grand Tour";galeriamoto/101/parteelectricagrand.jpg;3900;18;;;;;;;;;;
10;"Grand Tour";"Grand Tour";;101;"Electric system Grand Tour";"Sistema Electrico Grand Tour";galeriamoto/101/parteelectricagrand.jpg;3901;19;;;;;;;;;;
10;"Grand Tour";"Grand Tour";;101;"Electric system Grand Tour";"Sistema Electrico Grand Tour";galeriamoto/101/parteelectricagrand.jpg;3902;20;;;;;;;;;;
10;"Grand Tour";"Grand Tour";;101;"Electric system Grand Tour";"Sistema Electrico Grand Tour";galeriamoto/101/parteelectricagrand.jpg;3903;21;;;;;;;;;;
10;"Grand Tour";"Grand Tour";;101;"Electric system Grand Tour";"Sistema Electrico Grand Tour";galeriamoto/101/parteelectricagrand.jpg;3904;22;;;;;;;;;;
10;"Grand Tour";"Grand Tour";;101;"Electric system Grand Tour";"Sistema Electrico Grand Tour";galeriamoto/101/parteelectricagrand.jpg;3905;23;;;;;;;;;;
10;"Grand Tour";"Grand Tour";;101;"Electric system Grand Tour";"Sistema Electrico Grand Tour";galeriamoto/101/parteelectricagrand.jpg;3906;24;;;;;;;;;;
10;"Grand Tour";"Grand Tour";;94;"Frame Grand Tour";"Chasis Grand Tour";galeriamoto/94/chasisgrand.jpg;3907;4;;;;;;;;;;
10;"Grand Tour";"Grand Tour";;94;"Frame Grand Tour";"Chasis Grand Tour";galeriamoto/94/chasisgrand.jpg;3908;5;;;;;;;;;;
10;"Grand Tour";"Grand Tour";;94;"Frame Grand Tour";"Chasis Grand Tour";galeriamoto/94/chasisgrand.jpg;3909;14;;;;;;;;;;
10;"Grand Tour";"Grand Tour";;94;"Frame Grand Tour";"Chasis Grand Tour";galeriamoto/94/chasisgrand.jpg;3910;15;;;;;;;;;;
10;"Grand Tour";"Grand Tour";;94;"Frame Grand Tour";"Chasis Grand Tour";galeriamoto/94/chasisgrand.jpg;3911;17;;;;;;;;;;
10;"Grand Tour";"Grand Tour";;94;"Frame Grand Tour";"Chasis Grand Tour";galeriamoto/94/chasisgrand.jpg;3912;18;;;;;;;;;;
10;"Grand Tour";"Grand Tour";;102;"Spare parts Engine Grand Tour";"Parte ciclo Trasera Grand Tour";galeriamoto/102/motorypartetrasera.jpg;3913;1;;;;;;;;;;
10;"Grand Tour";"Grand Tour";;102;"Spare parts Engine Grand Tour";"Parte ciclo Trasera Grand Tour";galeriamoto/102/motorypartetrasera.jpg;3914;1.1;;;;;;;;;;
10;"Grand Tour";"Grand Tour";;102;"Spare parts Engine Grand Tour";"Parte ciclo Trasera Grand Tour";galeriamoto/102/motorypartetrasera.jpg;3915;1.2;;;;;;;;;;
10;"Grand Tour";"Grand Tour";;102;"Spare parts Engine Grand Tour";"Parte ciclo Trasera Grand Tour";galeriamoto/102/motorypartetrasera.jpg;3916;1.3;;;;;;;;;;
10;"Grand Tour";"Grand Tour";;102;"Spare parts Engine Grand Tour";"Parte ciclo Trasera Grand Tour";galeriamoto/102/motorypartetrasera.jpg;3917;2;;;;;;;;;;
10;"Grand Tour";"Grand Tour";;102;"Spare parts Engine Grand Tour";"Parte ciclo Trasera Grand Tour";galeriamoto/102/motorypartetrasera.jpg;3918;5;;;;;;;;;;
10;"Grand Tour";"Grand Tour";;102;"Spare parts Engine Grand Tour";"Parte ciclo Trasera Grand Tour";galeriamoto/102/motorypartetrasera.jpg;3919;16;;;;;;;;;;
10;"Grand Tour";"Grand Tour";;102;"Spare parts Engine Grand Tour";"Parte ciclo Trasera Grand Tour";galeriamoto/102/motorypartetrasera.jpg;3920;19;;;;;;;;;;
10;"Grand Tour";"Grand Tour";;102;"Spare parts Engine Grand Tour";"Parte ciclo Trasera Grand Tour";galeriamoto/102/motorypartetrasera.jpg;3921;19.1;;;;;;;;;;
10;"Grand Tour";"Grand Tour";;102;"Spare parts Engine Grand Tour";"Parte ciclo Trasera Grand Tour";galeriamoto/102/motorypartetrasera.jpg;3922;20;;;;;;;;;;
10;"Grand Tour";"Grand Tour";;102;"Spare parts Engine Grand Tour";"Parte ciclo Trasera Grand Tour";galeriamoto/102/motorypartetrasera.jpg;3923;20.1;;;;;;;;;;
10;"Grand Tour";"Grand Tour";;102;"Spare parts Engine Grand Tour";"Parte ciclo Trasera Grand Tour";galeriamoto/102/motorypartetrasera.jpg;3924;20.2;;;;;;;;;;
10;"Grand Tour";"Grand Tour";;102;"Spare parts Engine Grand Tour";"Parte ciclo Trasera Grand Tour";galeriamoto/102/motorypartetrasera.jpg;3925;20.4;;;;;;;;;;
10;"Grand Tour";"Grand Tour";;102;"Spare parts Engine Grand Tour";"Parte ciclo Trasera Grand Tour";galeriamoto/102/motorypartetrasera.jpg;3926;20.5;;;;;;;;;;
10;"Grand Tour";"Grand Tour";;102;"Spare parts Engine Grand Tour";"Parte ciclo Trasera Grand Tour";galeriamoto/102/motorypartetrasera.jpg;3927;20.6;;;;;;;;;;
10;"Grand Tour";"Grand Tour";;102;"Spare parts Engine Grand Tour";"Parte ciclo Trasera Grand Tour";galeriamoto/102/motorypartetrasera.jpg;3928;24;;;;;;;;;;
10;"Grand Tour";"Grand Tour";;102;"Spare parts Engine Grand Tour";"Parte ciclo Trasera Grand Tour";galeriamoto/102/motorypartetrasera.jpg;3929;24.1;;;;;;;;;;
10;"Grand Tour";"Grand Tour";;99;"Fuel tank Grand tour";"Deposito gasolina Grand Tour";galeriamoto/99/depositogrand.jpg;3930;3;;;;;;;;;;
10;"Grand Tour";"Grand Tour";;99;"Fuel tank Grand tour";"Deposito gasolina Grand Tour";galeriamoto/99/depositogrand.jpg;3931;6;;;;;;;;;;
10;"Grand Tour";"Grand Tour";;99;"Fuel tank Grand tour";"Deposito gasolina Grand Tour";galeriamoto/99/depositogrand.jpg;3932;7;;;;;;;;;;
2;"Scooter MCT";"Scooter MCT";;46;"Spare parts Engine";"Recambios Motor";"galeriamoto/46/motor scooter.jpg";3935;42;;;;;;;;;;
10;"Grand Tour";"Grand Tour";;97;"Front fairing Grand Tour";"Plasticos delanteros Grand Tour";"galeriamoto/97/plasticos delanteros.jpg";3941;7,1;;;;;;;;;;
10;"Grand Tour";"Grand Tour";;97;"Front fairing Grand Tour";"Plasticos delanteros Grand Tour";"galeriamoto/97/plasticos delanteros.jpg";3942;10;;;;;;;;;;
10;"Grand Tour";"Grand Tour";;97;"Front fairing Grand Tour";"Plasticos delanteros Grand Tour";"galeriamoto/97/plasticos delanteros.jpg";3944;6;;;;;;;;;;
10;"Grand Tour";"Grand Tour";;97;"Front fairing Grand Tour";"Plasticos delanteros Grand Tour";"galeriamoto/97/plasticos delanteros.jpg";3946;11;;;;;;;;;;
10;"Grand Tour";"Grand Tour";;97;"Front fairing Grand Tour";"Plasticos delanteros Grand Tour";"galeriamoto/97/plasticos delanteros.jpg";3947;14;;;;;;;;;;
10;"Grand Tour";"Grand Tour";;97;"Front fairing Grand Tour";"Plasticos delanteros Grand Tour";"galeriamoto/97/plasticos delanteros.jpg";3949;12;;;;;;;;;;
10;"Grand Tour";"Grand Tour";;97;"Front fairing Grand Tour";"Plasticos delanteros Grand Tour";"galeriamoto/97/plasticos delanteros.jpg";3950;12;;;;;;;;;;
10;"Grand Tour";"Grand Tour";;97;"Front fairing Grand Tour";"Plasticos delanteros Grand Tour";"galeriamoto/97/plasticos delanteros.jpg";3951;13;;;;;;;;;;
10;"Grand Tour";"Grand Tour";;97;"Front fairing Grand Tour";"Plasticos delanteros Grand Tour";"galeriamoto/97/plasticos delanteros.jpg";3948;14;;;;;;;;;;
10;"Grand Tour";"Grand Tour";;97;"Front fairing Grand Tour";"Plasticos delanteros Grand Tour";"galeriamoto/97/plasticos delanteros.jpg";3955;1;;;;;;;;;;
10;"Grand Tour";"Grand Tour";;97;"Front fairing Grand Tour";"Plasticos delanteros Grand Tour";"galeriamoto/97/plasticos delanteros.jpg";3956;1;;;;;;;;;;
10;"Grand Tour";"Grand Tour";;97;"Front fairing Grand Tour";"Plasticos delanteros Grand Tour";"galeriamoto/97/plasticos delanteros.jpg";3958;4;;;;;;;;;;
10;"Grand Tour";"Grand Tour";;97;"Front fairing Grand Tour";"Plasticos delanteros Grand Tour";"galeriamoto/97/plasticos delanteros.jpg";3957;4;;;;;;;;;;
10;"Grand Tour";"Grand Tour";;97;"Front fairing Grand Tour";"Plasticos delanteros Grand Tour";"galeriamoto/97/plasticos delanteros.jpg";3959;5;;;;;;;;;;
10;"Grand Tour";"Grand Tour";;97;"Front fairing Grand Tour";"Plasticos delanteros Grand Tour";"galeriamoto/97/plasticos delanteros.jpg";3960;5;;;;;;;;;;
10;"Grand Tour";"Grand Tour";;97;"Front fairing Grand Tour";"Plasticos delanteros Grand Tour";"galeriamoto/97/plasticos delanteros.jpg";3961;17;;;;;;;;;;
10;"Grand Tour";"Grand Tour";;97;"Front fairing Grand Tour";"Plasticos delanteros Grand Tour";"galeriamoto/97/plasticos delanteros.jpg";3962;17;;;;;;;;;;
3;"MTR Adventure 125";"MTR Adventure 125";;92;"Parts engine";"Piezas de motor";galeriamoto/92/9281.jpg;3968;14;;;;;;;;;;
8;"MTR SX125";"MTR SX125";;84;Engine;Motor;"galeriamoto/84/motor scooter.jpg";3980;3;;;;;;;;;;
2;"Scooter MCT";"Scooter MCT";;46;"Spare parts Engine";"Recambios Motor";"galeriamoto/46/motor scooter.jpg";3980;43;;;;;;;;;;
2;"Scooter MCT";"Scooter MCT";;46;"Spare parts Engine";"Recambios Motor";"galeriamoto/46/motor scooter.jpg";3982;44;;;;;;;;;;
2;"Scooter MCT";"Scooter MCT";;46;"Spare parts Engine";"Recambios Motor";"galeriamoto/46/motor scooter.jpg";3983;45;;;;;;;;;;
8;"MTR SX125";"MTR SX125";;84;Engine;Motor;"galeriamoto/84/motor scooter.jpg";3608;4;;;;;;;;;;
8;"MTR SX125";"MTR SX125";;84;Engine;Motor;"galeriamoto/84/motor scooter.jpg";3985;5;;;;;;;;;;
1;"Super Furious RR";"Super Furious RR";;103;"Spare parts Engine";"Recambios Motor";galeriamoto/103/10149.png;3988;9;;;;;;;;;;
1;"Super Furious RR";"Super Furious RR";;103;"Spare parts Engine";"Recambios Motor";galeriamoto/103/10149.png;3987;26;;;;;;;;;;
1;"Super Furious RR";"Super Furious RR";;103;"Spare parts Engine";"Recambios Motor";galeriamoto/103/10149.png;3986;28;;;;;;;;;;
1;"Super Furious RR";"Super Furious RR";;103;"Spare parts Engine";"Recambios Motor";galeriamoto/103/10149.png;3991;29;;;;;;;;;;
8;"MTR SX125";"MTR SX125";;82;Exhaust;Escape;galeriamoto/82/escape.jpg;3992;15;;;;;;;;;;
1;"Super Furious RR";"Super Furious RR";;103;"Spare parts Engine";"Recambios Motor";galeriamoto/103/10149.png;3998;30;;;;;;;;;;
2;"Scooter MCT";"Scooter MCT";;46;"Spare parts Engine";"Recambios Motor";"galeriamoto/46/motor scooter.jpg";3683;46;;;;;;;;;;
8;"MTR SX125";"MTR SX125";;84;Engine;Motor;"galeriamoto/84/motor scooter.jpg";3786;7;;;;;;;;;;
8;"MTR SX125";"MTR SX125";;84;Engine;Motor;"galeriamoto/84/motor scooter.jpg";3795;8;;;;;;;;;;
8;"MTR SX125";"MTR SX125";;84;Engine;Motor;"galeriamoto/84/motor scooter.jpg";3653;9;;;;;;;;;;
8;"MTR SX125";"MTR SX125";;82;Exhaust;Escape;galeriamoto/82/escape.jpg;2761;8;;;;;;;;;;
1;"Super Furious RR";"Super Furious RR";;103;"Spare parts Engine";"Recambios Motor";galeriamoto/103/10149.png;4026;31;;;;;;;;;;
1;"Super Furious RR";"Super Furious RR";;103;"Spare parts Engine";"Recambios Motor";galeriamoto/103/10149.png;4027;32;;;;;;;;;;
1;"Super Furious RR";"Super Furious RR";;103;"Spare parts Engine";"Recambios Motor";galeriamoto/103/10149.png;4028;33;;;;;;;;;;
1;"Super Furious RR";"Super Furious RR";;103;"Spare parts Engine";"Recambios Motor";galeriamoto/103/10149.png;4029;34;;;;;;;;;;
8;"MTR SX125";"MTR SX125";;84;Engine;Motor;"galeriamoto/84/motor scooter.jpg";3797;10;;;;;;;;;;
11;Roma;Roma;;104;"Roma headboard and mirrors";"Cabezal y espejos Roma";"galeriamoto/104/Cabezal y espejos.jpg";4130;1;;;;;;;;;;
11;Roma;Roma;;104;"Roma headboard and mirrors";"Cabezal y espejos Roma";"galeriamoto/104/Cabezal y espejos.jpg";4131;2;;;;;;;;;;
11;Roma;Roma;;104;"Roma headboard and mirrors";"Cabezal y espejos Roma";"galeriamoto/104/Cabezal y espejos.jpg";4134;3;;;;;;;;;;
11;Roma;Roma;;104;"Roma headboard and mirrors";"Cabezal y espejos Roma";"galeriamoto/104/Cabezal y espejos.jpg";4135;3;;;;;;;;;;
11;Roma;Roma;;104;"Roma headboard and mirrors";"Cabezal y espejos Roma";"galeriamoto/104/Cabezal y espejos.jpg";4136;3;;;;;;;;;;
11;Roma;Roma;;104;"Roma headboard and mirrors";"Cabezal y espejos Roma";"galeriamoto/104/Cabezal y espejos.jpg";4041;4;;;;;;;;;;
11;Roma;Roma;;112;"Roma Screen panel";"Marcador Roma";galeriamoto/112/Marcador.jpg;4137;1;;;;;;;;;;
11;Roma;Roma;;112;"Roma Screen panel";"Marcador Roma";galeriamoto/112/Marcador.jpg;4138;1;;;;;;;;;;
11;Roma;Roma;;112;"Roma Screen panel";"Marcador Roma";galeriamoto/112/Marcador.jpg;4139;1;;;;;;;;;;
11;Roma;Roma;;112;"Roma Screen panel";"Marcador Roma";galeriamoto/112/Marcador.jpg;4044;5;;;;;;;;;;
11;Roma;Roma;;112;"Roma Screen panel";"Marcador Roma";galeriamoto/112/Marcador.jpg;4045;6;;;;;;;;;;
11;Roma;Roma;;112;"Roma Screen panel";"Marcador Roma";galeriamoto/112/Marcador.jpg;4046;7;;;;;;;;;;
11;Roma;Roma;;112;"Roma Screen panel";"Marcador Roma";galeriamoto/112/Marcador.jpg;4047;8;;;;;;;;;;
11;Roma;Roma;;112;"Roma Screen panel";"Marcador Roma";galeriamoto/112/Marcador.jpg;4048;9;;;;;;;;;;
11;Roma;Roma;;112;"Roma Screen panel";"Marcador Roma";galeriamoto/112/Marcador.jpg;4107;10;;;;;;;;;;
11;Roma;Roma;;112;"Roma Screen panel";"Marcador Roma";galeriamoto/112/Marcador.jpg;4062;14;;;;;;;;;;
11;Roma;Roma;;111;"Roma handlebar";"Manillar Roma";galeriamoto/111/Manillar.jpg;4092;1;;;;;;;;;;
11;Roma;Roma;;111;"Roma handlebar";"Manillar Roma";galeriamoto/111/Manillar.jpg;4093;2;;;;;;;;;;
11;Roma;Roma;;111;"Roma handlebar";"Manillar Roma";galeriamoto/111/Manillar.jpg;4091;3;;;;;;;;;;
11;Roma;Roma;;111;"Roma handlebar";"Manillar Roma";galeriamoto/111/Manillar.jpg;4094;4;;;;;;;;;;
11;Roma;Roma;;111;"Roma handlebar";"Manillar Roma";galeriamoto/111/Manillar.jpg;4108;8;;;;;;;;;;
11;Roma;Roma;;111;"Roma handlebar";"Manillar Roma";galeriamoto/111/Manillar.jpg;4109;9;;;;;;;;;;
11;Roma;Roma;;114;"Roma Front Part";"Parte Frontal Roma";galeriamoto/114/Gemini_Generated_Image_46crpz46crpz46cr.jpg;4140;1;;;;;;;;;;
11;Roma;Roma;;114;"Roma Front Part";"Parte Frontal Roma";galeriamoto/114/Gemini_Generated_Image_46crpz46crpz46cr.jpg;4141;1;;;;;;;;;;
11;Roma;Roma;;114;"Roma Front Part";"Parte Frontal Roma";galeriamoto/114/Gemini_Generated_Image_46crpz46crpz46cr.jpg;4142;1;;;;;;;;;;
11;Roma;Roma;;114;"Roma Front Part";"Parte Frontal Roma";galeriamoto/114/Gemini_Generated_Image_46crpz46crpz46cr.jpg;4116;2;;;;;;;;;;
11;Roma;Roma;;114;"Roma Front Part";"Parte Frontal Roma";galeriamoto/114/Gemini_Generated_Image_46crpz46crpz46cr.jpg;4117;3;;;;;;;;;;
11;Roma;Roma;;114;"Roma Front Part";"Parte Frontal Roma";galeriamoto/114/Gemini_Generated_Image_46crpz46crpz46cr.jpg;4042;4;;;;;;;;;;
11;Roma;Roma;;119;"Roma locking system";"Sistema de bloqueo Roma";"galeriamoto/119/Sistema de bloqueo.jpg";4095;1;;;;;;;;;;
11;Roma;Roma;;119;"Roma locking system";"Sistema de bloqueo Roma";"galeriamoto/119/Sistema de bloqueo.jpg";4049;4;;;;;;;;;;
11;Roma;Roma;;119;"Roma locking system";"Sistema de bloqueo Roma";"galeriamoto/119/Sistema de bloqueo.jpg";4050;6;;;;;;;;;;
11;Roma;Roma;;119;"Roma locking system";"Sistema de bloqueo Roma";"galeriamoto/119/Sistema de bloqueo.jpg";4051;8;;;;;;;;;;
11;Roma;Roma;;119;"Roma locking system";"Sistema de bloqueo Roma";"galeriamoto/119/Sistema de bloqueo.jpg";4052;9;;;;;;;;;;
11;Roma;Roma;;119;"Roma locking system";"Sistema de bloqueo Roma";"galeriamoto/119/Sistema de bloqueo.jpg";4053;10;;;;;;;;;;
11;Roma;Roma;;105;"Roma Seat";"Asiento Roma";galeriamoto/105/Asiento.jpg;4070;1;;;;;;;;;;
11;Roma;Roma;;105;"Roma Seat";"Asiento Roma";galeriamoto/105/Asiento.jpg;4071;1;;;;;;;;;;
11;Roma;Roma;;105;"Roma Seat";"Asiento Roma";galeriamoto/105/Asiento.jpg;4072;2;;;;;;;;;;
11;Roma;Roma;;105;"Roma Seat";"Asiento Roma";galeriamoto/105/Asiento.jpg;4073;6;;;;;;;;;;
11;Roma;Roma;;105;"Roma Seat";"Asiento Roma";galeriamoto/105/Asiento.jpg;4074;7;;;;;;;;;;
11;Roma;Roma;;105;"Roma Seat";"Asiento Roma";galeriamoto/105/Asiento.jpg;4110;8;;;;;;;;;;
11;Roma;Roma;;105;"Roma Seat";"Asiento Roma";galeriamoto/105/Asiento.jpg;4118;12;;;;;;;;;;
11;Roma;Roma;;113;"Roma Floor panel";"Panel de suelo Roma";"galeriamoto/113/Panel suelo.jpg";4155;1;;;;;;;;;;
11;Roma;Roma;;113;"Roma Floor panel";"Panel de suelo Roma";"galeriamoto/113/Panel suelo.jpg";4156;1;;;;;;;;;;
11;Roma;Roma;;113;"Roma Floor panel";"Panel de suelo Roma";"galeriamoto/113/Panel suelo.jpg";4157;1;;;;;;;;;;
11;Roma;Roma;;113;"Roma Floor panel";"Panel de suelo Roma";"galeriamoto/113/Panel suelo.jpg";4119;2;;;;;;;;;;
11;Roma;Roma;;113;"Roma Floor panel";"Panel de suelo Roma";"galeriamoto/113/Panel suelo.jpg";4158;7;;;;;;;;;;
11;Roma;Roma;;113;"Roma Floor panel";"Panel de suelo Roma";"galeriamoto/113/Panel suelo.jpg";4159;7;;;;;;;;;;
11;Roma;Roma;;113;"Roma Floor panel";"Panel de suelo Roma";"galeriamoto/113/Panel suelo.jpg";4160;7;;;;;;;;;;
11;Roma;Roma;;113;"Roma Floor panel";"Panel de suelo Roma";"galeriamoto/113/Panel suelo.jpg";4161;10;;;;;;;;;;
11;Roma;Roma;;113;"Roma Floor panel";"Panel de suelo Roma";"galeriamoto/113/Panel suelo.jpg";4162;10;;;;;;;;;;
11;Roma;Roma;;113;"Roma Floor panel";"Panel de suelo Roma";"galeriamoto/113/Panel suelo.jpg";4163;10;;;;;;;;;;
11;Roma;Roma;;113;"Roma Floor panel";"Panel de suelo Roma";"galeriamoto/113/Panel suelo.jpg";4165;11;;;;;;;;;;
11;Roma;Roma;;113;"Roma Floor panel";"Panel de suelo Roma";"galeriamoto/113/Panel suelo.jpg";4164;11;;;;;;;;;;
11;Roma;Roma;;113;"Roma Floor panel";"Panel de suelo Roma";"galeriamoto/113/Panel suelo.jpg";4166;11;;;;;;;;;;
11;Roma;Roma;;113;"Roma Floor panel";"Panel de suelo Roma";"galeriamoto/113/Panel suelo.jpg";4167;14;;;;;;;;;;
11;Roma;Roma;;113;"Roma Floor panel";"Panel de suelo Roma";"galeriamoto/113/Panel suelo.jpg";4168;14;;;;;;;;;;
11;Roma;Roma;;113;"Roma Floor panel";"Panel de suelo Roma";"galeriamoto/113/Panel suelo.jpg";4169;14;;;;;;;;;;
11;Roma;Roma;;113;"Roma Floor panel";"Panel de suelo Roma";"galeriamoto/113/Panel suelo.jpg";4120;16;;;;;;;;;;
11;Roma;Roma;;113;"Roma Floor panel";"Panel de suelo Roma";"galeriamoto/113/Panel suelo.jpg";4096;18;;;;;;;;;;
11;Roma;Roma;;116;"Roma plastics and lights";"Plásticos y luces Roma";"galeriamoto/116/Plásticos y luces.jpg";4185;2;;;;;;;;;;
11;Roma;Roma;;116;"Roma plastics and lights";"Plásticos y luces Roma";"galeriamoto/116/Plásticos y luces.jpg";4186;2;;;;;;;;;;
11;Roma;Roma;;116;"Roma plastics and lights";"Plásticos y luces Roma";"galeriamoto/116/Plásticos y luces.jpg";4187;2;;;;;;;;;;
11;Roma;Roma;;116;"Roma plastics and lights";"Plásticos y luces Roma";"galeriamoto/116/Plásticos y luces.jpg";4182;1;;;;;;;;;;
11;Roma;Roma;;116;"Roma plastics and lights";"Plásticos y luces Roma";"galeriamoto/116/Plásticos y luces.jpg";4183;1;;;;;;;;;;
11;Roma;Roma;;116;"Roma plastics and lights";"Plásticos y luces Roma";"galeriamoto/116/Plásticos y luces.jpg";4184;1;;;;;;;;;;
11;Roma;Roma;;116;"Roma plastics and lights";"Plásticos y luces Roma";"galeriamoto/116/Plásticos y luces.jpg";4121;5;;;;;;;;;;
11;Roma;Roma;;116;"Roma plastics and lights";"Plásticos y luces Roma";"galeriamoto/116/Plásticos y luces.jpg";4122;6;;;;;;;;;;
11;Roma;Roma;;116;"Roma plastics and lights";"Plásticos y luces Roma";"galeriamoto/116/Plásticos y luces.jpg";4170;8;;;;;;;;;;
11;Roma;Roma;;116;"Roma plastics and lights";"Plásticos y luces Roma";"galeriamoto/116/Plásticos y luces.jpg";4171;8;;;;;;;;;;
11;Roma;Roma;;116;"Roma plastics and lights";"Plásticos y luces Roma";"galeriamoto/116/Plásticos y luces.jpg";4172;8;;;;;;;;;;
11;Roma;Roma;;116;"Roma plastics and lights";"Plásticos y luces Roma";"galeriamoto/116/Plásticos y luces.jpg";4173;9;;;;;;;;;;
11;Roma;Roma;;116;"Roma plastics and lights";"Plásticos y luces Roma";"galeriamoto/116/Plásticos y luces.jpg";4174;9;;;;;;;;;;
11;Roma;Roma;;116;"Roma plastics and lights";"Plásticos y luces Roma";"galeriamoto/116/Plásticos y luces.jpg";4175;9;;;;;;;;;;
11;Roma;Roma;;116;"Roma plastics and lights";"Plásticos y luces Roma";"galeriamoto/116/Plásticos y luces.jpg";4176;10;;;;;;;;;;
11;Roma;Roma;;116;"Roma plastics and lights";"Plásticos y luces Roma";"galeriamoto/116/Plásticos y luces.jpg";4177;10;;;;;;;;;;
11;Roma;Roma;;116;"Roma plastics and lights";"Plásticos y luces Roma";"galeriamoto/116/Plásticos y luces.jpg";4178;10;;;;;;;;;;
11;Roma;Roma;;116;"Roma plastics and lights";"Plásticos y luces Roma";"galeriamoto/116/Plásticos y luces.jpg";4179;11;;;;;;;;;;
11;Roma;Roma;;116;"Roma plastics and lights";"Plásticos y luces Roma";"galeriamoto/116/Plásticos y luces.jpg";4180;11;;;;;;;;;;
11;Roma;Roma;;116;"Roma plastics and lights";"Plásticos y luces Roma";"galeriamoto/116/Plásticos y luces.jpg";4181;11;;;;;;;;;;
11;Roma;Roma;;116;"Roma plastics and lights";"Plásticos y luces Roma";"galeriamoto/116/Plásticos y luces.jpg";4123;12;;;;;;;;;;
11;Roma;Roma;;115;"Roma Rear Part";"Parte trasera Roma";"galeriamoto/115/Parte trasera.jpg";4124;5;;;;;;;;;;
11;Roma;Roma;;115;"Roma Rear Part";"Parte trasera Roma";"galeriamoto/115/Parte trasera.jpg";4125;6;;;;;;;;;;
11;Roma;Roma;;115;"Roma Rear Part";"Parte trasera Roma";"galeriamoto/115/Parte trasera.jpg";4126;7;;;;;;;;;;
11;Roma;Roma;;115;"Roma Rear Part";"Parte trasera Roma";"galeriamoto/115/Parte trasera.jpg";4127;10;;;;;;;;;;
11;Roma;Roma;;115;"Roma Rear Part";"Parte trasera Roma";"galeriamoto/115/Parte trasera.jpg";4087;11;;;;;;;;;;
11;Roma;Roma;;115;"Roma Rear Part";"Parte trasera Roma";"galeriamoto/115/Parte trasera.jpg";4088;11.1;;;;;;;;;;
11;Roma;Roma;;107;"Rome gas tank";"Depósito de gasolina Roma";"galeriamoto/107/Depósito de gasolina.jpg";4054;1;;;;;;;;;;
11;Roma;Roma;;107;"Rome gas tank";"Depósito de gasolina Roma";"galeriamoto/107/Depósito de gasolina.jpg";4055;2;;;;;;;;;;
11;Roma;Roma;;107;"Rome gas tank";"Depósito de gasolina Roma";"galeriamoto/107/Depósito de gasolina.jpg";4056;4;;;;;;;;;;
11;Roma;Roma;;107;"Rome gas tank";"Depósito de gasolina Roma";"galeriamoto/107/Depósito de gasolina.jpg";4057;5;;;;;;;;;;
11;Roma;Roma;;107;"Rome gas tank";"Depósito de gasolina Roma";"galeriamoto/107/Depósito de gasolina.jpg";4075;8;;;;;;;;;;
11;Roma;Roma;;107;"Rome gas tank";"Depósito de gasolina Roma";"galeriamoto/107/Depósito de gasolina.jpg";4058;11;;;;;;;;;;
11;Roma;Roma;;107;"Rome gas tank";"Depósito de gasolina Roma";"galeriamoto/107/Depósito de gasolina.jpg";4076;13;;;;;;;;;;
11;Roma;Roma;;107;"Rome gas tank";"Depósito de gasolina Roma";"galeriamoto/107/Depósito de gasolina.jpg";4059;15;;;;;;;;;;
11;Roma;Roma;;107;"Rome gas tank";"Depósito de gasolina Roma";"galeriamoto/107/Depósito de gasolina.jpg";4060;17;;;;;;;;;;
11;Roma;Roma;;121;"Roma electrical system";"Sistema eléctrico Roma";"galeriamoto/121/Sistema eléctrico.jpg";4061;1;;;;;;;;;;
11;Roma;Roma;;121;"Roma electrical system";"Sistema eléctrico Roma";"galeriamoto/121/Sistema eléctrico.jpg";4063;4;;;;;;;;;;
11;Roma;Roma;;121;"Roma electrical system";"Sistema eléctrico Roma";"galeriamoto/121/Sistema eléctrico.jpg";4064;5;;;;;;;;;;
11;Roma;Roma;;121;"Roma electrical system";"Sistema eléctrico Roma";"galeriamoto/121/Sistema eléctrico.jpg";4065;6;;;;;;;;;;
11;Roma;Roma;;121;"Roma electrical system";"Sistema eléctrico Roma";"galeriamoto/121/Sistema eléctrico.jpg";4066;8;;;;;;;;;;
11;Roma;Roma;;121;"Roma electrical system";"Sistema eléctrico Roma";"galeriamoto/121/Sistema eléctrico.jpg";4067;9;;;;;;;;;;
11;Roma;Roma;;110;"Roma Forks";"Horquillas Roma";galeriamoto/110/Horquillas.jpg;4077;1;;;;;;;;;;
11;Roma;Roma;;110;"Roma Forks";"Horquillas Roma";galeriamoto/110/Horquillas.jpg;4102;12;;;;;;;;;;
11;Roma;Roma;;110;"Roma Forks";"Horquillas Roma";galeriamoto/110/Horquillas.jpg;4103;13;;;;;;;;;;
11;Roma;Roma;;117;"Roma front wheel";"Rueda delantera Roma";"galeriamoto/117/Rueda delantera.jpg";4089;2;;;;;;;;;;
11;Roma;Roma;;117;"Roma front wheel";"Rueda delantera Roma";"galeriamoto/117/Rueda delantera.jpg";4078;4;;;;;;;;;;
11;Roma;Roma;;117;"Roma front wheel";"Rueda delantera Roma";"galeriamoto/117/Rueda delantera.jpg";4079;6;;;;;;;;;;
11;Roma;Roma;;110;"Roma Forks";"Horquillas Roma";galeriamoto/110/Horquillas.jpg;4097;9;;;;;;;;;;
11;Roma;Roma;;120;"Roma braking system";"Sistema de frenado Roma";"galeriamoto/120/Sistema de frenado.jpg";4080;1;;;;;;;;;;
11;Roma;Roma;;120;"Roma braking system";"Sistema de frenado Roma";"galeriamoto/120/Sistema de frenado.jpg";4111;2;;;;;;;;;;
11;Roma;Roma;;120;"Roma braking system";"Sistema de frenado Roma";"galeriamoto/120/Sistema de frenado.jpg";4081;9;;;;;;;;;;
11;Roma;Roma;;120;"Roma braking system";"Sistema de frenado Roma";"galeriamoto/120/Sistema de frenado.jpg";4112;10;;;;;;;;;;
11;Roma;Roma;;120;"Roma braking system";"Sistema de frenado Roma";"galeriamoto/120/Sistema de frenado.jpg";4082;12;;;;;;;;;;
11;Roma;Roma;;120;"Roma braking system";"Sistema de frenado Roma";"galeriamoto/120/Sistema de frenado.jpg";4083;13;;;;;;;;;;
11;Roma;Roma;;120;"Roma braking system";"Sistema de frenado Roma";"galeriamoto/120/Sistema de frenado.jpg";4084;14;;;;;;;;;;
11;Roma;Roma;;120;"Roma braking system";"Sistema de frenado Roma";"galeriamoto/120/Sistema de frenado.jpg";4113;15;;;;;;;;;;
11;Roma;Roma;;120;"Roma braking system";"Sistema de frenado Roma";"galeriamoto/120/Sistema de frenado.jpg";4114;17;;;;;;;;;;
11;Roma;Roma;;120;"Roma braking system";"Sistema de frenado Roma";"galeriamoto/120/Sistema de frenado.jpg";4115;18;;;;;;;;;;
11;Roma;Roma;;120;"Roma braking system";"Sistema de frenado Roma";"galeriamoto/120/Sistema de frenado.jpg";4104;19;;;;;;;;;;
11;Roma;Roma;;118;"Roma Rear wheel";"Rueda trasera Roma";"galeriamoto/118/Rueda trasera.jpg";4090;2;;;;;;;;;;
11;Roma;Roma;;118;"Roma Rear wheel";"Rueda trasera Roma";"galeriamoto/118/Rueda trasera.jpg";4085;4;;;;;;;;;;
11;Roma;Roma;;118;"Roma Rear wheel";"Rueda trasera Roma";"galeriamoto/118/Rueda trasera.jpg";4105;9;;;;;;;;;;
11;Roma;Roma;;118;"Roma Rear wheel";"Rueda trasera Roma";"galeriamoto/118/Rueda trasera.jpg";4128;13;;;;;;;;;;
11;Roma;Roma;;109;"Roma air Filter";"Filtro de aire Roma";"galeriamoto/109/Filtro de aire.jpg";4132;1;;;;;;;;;;
11;Roma;Roma;;109;"Roma air Filter";"Filtro de aire Roma";"galeriamoto/109/Filtro de aire.jpg";4133;2;;;;;;;;;;
11;Roma;Roma;;108;"Roma Exhaust";"Escape Roma";galeriamoto/108/Escape.jpg;4106;1;;;;;;;;;;
11;Roma;Roma;;108;"Roma Exhaust";"Escape Roma";galeriamoto/108/Escape.jpg;4068;2;;;;;;;;;;
11;Roma;Roma;;108;"Roma Exhaust";"Escape Roma";galeriamoto/108/Escape.jpg;4098;3;;;;;;;;;;
11;Roma;Roma;;106;"Roma Chassis";"Chasis Roma";galeriamoto/106/Chasis.jpg;4069;3;;;;;;;;;;
11;Roma;Roma;;106;"Roma Chassis";"Chasis Roma";galeriamoto/106/Chasis.jpg;4099;4;;;;;;;;;;
11;Roma;Roma;;106;"Roma Chassis";"Chasis Roma";galeriamoto/106/Chasis.jpg;4129;5;;;;;;;;;;
11;Roma;Roma;;106;"Roma Chassis";"Chasis Roma";galeriamoto/106/Chasis.jpg;4086;14;;;;;;;;;;
11;Roma;Roma;;106;"Roma Chassis";"Chasis Roma";galeriamoto/106/Chasis.jpg;4043;15;;;;;;;;;;
11;Roma;Roma;;110;"Roma Forks";"Horquillas Roma";galeriamoto/110/Horquillas.jpg;4149;15;;;;;;;;;;
11;Roma;Roma;;110;"Roma Forks";"Horquillas Roma";galeriamoto/110/Horquillas.jpg;4150;15;;;;;;;;;;
11;Roma;Roma;;110;"Roma Forks";"Horquillas Roma";galeriamoto/110/Horquillas.jpg;4151;15;;;;;;;;;;
11;Roma;Roma;;115;"Roma Rear Part";"Parte trasera Roma";"galeriamoto/115/Parte trasera.jpg";4143;1;;;;;;;;;;
11;Roma;Roma;;115;"Roma Rear Part";"Parte trasera Roma";"galeriamoto/115/Parte trasera.jpg";4144;1;;;;;;;;;;
11;Roma;Roma;;115;"Roma Rear Part";"Parte trasera Roma";"galeriamoto/115/Parte trasera.jpg";4145;1;;;;;;;;;;
11;Roma;Roma;;106;"Roma Chassis";"Chasis Roma";galeriamoto/106/Chasis.jpg;4101;13;;;;;;;;;;
11;Roma;Roma;;106;"Roma Chassis";"Chasis Roma";galeriamoto/106/Chasis.jpg;4100;9;;;;;;;;;;
11;Roma;Roma;;113;"Roma Floor panel";"Panel de suelo Roma";"galeriamoto/113/Panel suelo.jpg";4146;4;;;;;;;;;;
11;Roma;Roma;;113;"Roma Floor panel";"Panel de suelo Roma";"galeriamoto/113/Panel suelo.jpg";4147;4;;;;;;;;;;
11;Roma;Roma;;113;"Roma Floor panel";"Panel de suelo Roma";"galeriamoto/113/Panel suelo.jpg";4148;4;;;;;;;;;;
2;"Scooter MCT";"Scooter MCT";;33;"Brake System";"Sistema de frenado";galeriamoto/33/299B6518-167F-45D9-9350-DFB32134D681.jpeg;4190;6;;;;;;;;;;
2;"Scooter MCT";"Scooter MCT";;33;"Brake System";"Sistema de frenado";galeriamoto/33/299B6518-167F-45D9-9350-DFB32134D681.jpeg;4191;7;;;;;;;;;;
11;Roma;Roma;;115;"Roma Rear Part";"Parte trasera Roma";"galeriamoto/115/Parte trasera.jpg";4203;15;;;;;;;;;;
8;"MTR SX125";"MTR SX125";;66;"Front Fairing sx";"Cabezal y espejos";galeriamoto/66/frontal.png;4205;1E4;;;;;;;;;;
8;"MTR SX125";"MTR SX125";;66;"Front Fairing sx";"Cabezal y espejos";galeriamoto/66/frontal.png;4206;1E4;;;;;;;;;;
8;"MTR SX125";"MTR SX125";;69;Front;Frontal;"galeriamoto/69/frontal carenado.png";4207;2.1;;;;;;;;;;
8;"MTR SX125";"MTR SX125";;69;Front;Frontal;"galeriamoto/69/frontal carenado.png";4208;2.1;;;;;;;;;;
8;"MTR SX125";"MTR SX125";;69;Front;Frontal;"galeriamoto/69/frontal carenado.png";4209;1.1;;;;;;;;;;
8;"MTR SX125";"MTR SX125";;69;Front;Frontal;"galeriamoto/69/frontal carenado.png";4210;1.1;;;;;;;;;;
9;"MTR MCT Euro 5";"MTR MCT Euro 5";;88;"Front Fork";Horquilla;galeriamoto/88/Imagen2.jpg;2617;17-3;;;;;;;;;;
9;"MTR MCT Euro 5";"MTR MCT Euro 5";;88;"Front Fork";Horquilla;galeriamoto/88/Imagen2.jpg;2618;17-4;;;;;;;;;;
1;"Super Furious RR";"Super Furious RR";;15;"Air Cleaner";"Filtro de aire";galeriamoto/15/furiousrr125AirCleaner.jpg;4211;5;;;;;;;;;;
8;"MTR SX125";"MTR SX125";;74;Footrest;"Bajo pies";"galeriamoto/74/bajo pies.jpg";3449;8;;;;;;;;;;
8;"MTR SX125";"MTR SX125";;74;Footrest;"Bajo pies";"galeriamoto/74/bajo pies.jpg";3450;9;;;;;;;;;;
8;"MTR SX125";"MTR SX125";;74;Footrest;"Bajo pies";"galeriamoto/74/bajo pies.jpg";4215;8.1;;;;;;;;;;
8;"MTR SX125";"MTR SX125";;74;Footrest;"Bajo pies";"galeriamoto/74/bajo pies.jpg";4216;9.1;;;;;;;;;;
8;"MTR SX125";"MTR SX125";;69;Front;Frontal;"galeriamoto/69/frontal carenado.png";4221;9.1;;;;;;;;;;
8;"MTR SX125";"MTR SX125";;69;Front;Frontal;"galeriamoto/69/frontal carenado.png";4222;10.1;;;;;;;;;;
8;"MTR SX125";"MTR SX125";;68;"Handlebar sx";Manillar;galeriamoto/68/manillar.png;4223;1.1;;;;;;;;;;
10;"Grand Tour";"Grand Tour";;102;"Spare parts Engine Grand Tour";"Parte ciclo Trasera Grand Tour";galeriamoto/102/motorypartetrasera.jpg;4225;40;;;;;;;;;;
8;"MTR SX125";"MTR SX125";;84;Engine;Motor;"galeriamoto/84/motor scooter.jpg";3615;11;;;;;;;;;;
8;"MTR SX125";"MTR SX125";;84;Engine;Motor;"galeriamoto/84/motor scooter.jpg";3617;12;;;;;;;;;;
8;"MTR SX125";"MTR SX125";;84;Engine;Motor;"galeriamoto/84/motor scooter.jpg";3616;13;;;;;;;;;;
2;"Scooter MCT";"Scooter MCT";;46;"Spare parts Engine";"Recambios Motor";"galeriamoto/46/motor scooter.jpg";4226;47;;;;;;;;;;
8;"MTR SX125";"MTR SX125";;84;Engine;Motor;"galeriamoto/84/motor scooter.jpg";4226;14;;;;;;;;;;
9;"MTR MCT Euro 5";"MTR MCT Euro 5";;90;Fairing;Plasticos;galeriamoto/90/plasticosvmaz.jpg;4227;5;;;;;;;;;;
9;"MTR MCT Euro 5";"MTR MCT Euro 5";;90;Fairing;Plasticos;galeriamoto/90/plasticosvmaz.jpg;4230;17;;;;;;;;;;
9;"MTR MCT Euro 5";"MTR MCT Euro 5";;90;Fairing;Plasticos;galeriamoto/90/plasticosvmaz.jpg;4231;16;;;;;;;;;;
9;"MTR MCT Euro 5";"MTR MCT Euro 5";;90;Fairing;Plasticos;galeriamoto/90/plasticosvmaz.jpg;3541;18;;;;;;;;;;
9;"MTR MCT Euro 5";"MTR MCT Euro 5";;86;Frame;Chasis;galeriamoto/86/10726.jpg;4232;19;;;;;;;;;;
9;"MTR MCT Euro 5";"MTR MCT Euro 5";;90;Fairing;Plasticos;galeriamoto/90/plasticosvmaz.jpg;4234;49;;;;;;;;;;
9;"MTR MCT Euro 5";"MTR MCT Euro 5";;90;Fairing;Plasticos;galeriamoto/90/plasticosvmaz.jpg;3512;14;;;;;;;;;;
9;"MTR MCT Euro 5";"MTR MCT Euro 5";;86;Frame;Chasis;galeriamoto/86/10726.jpg;4235;7;;;;;;;;;;
9;"MTR MCT Euro 5";"MTR MCT Euro 5";;86;Frame;Chasis;galeriamoto/86/10726.jpg;4236;8.1;;;;;;;;;;
9;"MTR MCT Euro 5";"MTR MCT Euro 5";;86;Frame;Chasis;galeriamoto/86/10726.jpg;4237;14.1;;;;;;;;;;
9;"MTR MCT Euro 5";"MTR MCT Euro 5";;86;Frame;Chasis;galeriamoto/86/10726.jpg;4238;11;;;;;;;;;;
9;"MTR MCT Euro 5";"MTR MCT Euro 5";;122;"Recambios motor";"Recambios motor";"galeriamoto/122/RECAMBIO MOTOR.jpg";4228;22;;;;;;;;;;
9;"MTR MCT Euro 5";"MTR MCT Euro 5";;122;"Recambios motor";"Recambios motor";"galeriamoto/122/RECAMBIO MOTOR.jpg";4225;33;;;;;;;;;;
9;"MTR MCT Euro 5";"MTR MCT Euro 5";;122;"Recambios motor";"Recambios motor";"galeriamoto/122/RECAMBIO MOTOR.jpg";3973;34;;;;;;;;;;
9;"MTR MCT Euro 5";"MTR MCT Euro 5";;86;Frame;Chasis;galeriamoto/86/10726.jpg;2548;25;;;;;;;;;;
9;"MTR MCT Euro 5";"MTR MCT Euro 5";;91;"Electrical System";"Sistema Electrico";galeriamoto/91/sistemaelectrico.jpg;3684;8;;;;;;;;;;
10;"Grand Tour";"Grand Tour";;98;"Seat and fairing Grand Tour";"Asiento y plasticos Grand Tour";"galeriamoto/98/asiento y plasticos.jpg";2548;60;;;;;;;;;;
10;"Grand Tour";"Grand Tour";;123;"Recambios motor";"Recambios motor";galeriamoto/123/10728.png;4228;22;;;;;;;;;;
10;"Grand Tour";"Grand Tour";;123;"Recambios motor";"Recambios motor";galeriamoto/123/10728.png;3973;34;;;;;;;;;;
10;"Grand Tour";"Grand Tour";;123;"Recambios motor";"Recambios motor";galeriamoto/123/10728.png;2822;35;;;;;;;;;;
9;"MTR MCT Euro 5";"MTR MCT Euro 5";;122;"Recambios motor";"Recambios motor";"galeriamoto/122/RECAMBIO MOTOR.jpg";2822;35;;;;;;;;;;
9;"MTR MCT Euro 5";"MTR MCT Euro 5";;89;Engine;Motor;galeriamoto/89/motor.jpg;4239;17;;;;;;;;;;
9;"MTR MCT Euro 5";"MTR MCT Euro 5";;89;Engine;Motor;galeriamoto/89/motor.jpg;4240;18;;;;;;;;;;
9;"MTR MCT Euro 5";"MTR MCT Euro 5";;89;Engine;Motor;galeriamoto/89/motor.jpg;4241;16;;;;;;;;;;
9;"MTR MCT Euro 5";"MTR MCT Euro 5";;86;Frame;Chasis;galeriamoto/86/10726.jpg;4244;10;;;;;;;;;;
9;"MTR MCT Euro 5";"MTR MCT Euro 5";;85;Handlebar;Manillar;galeriamoto/85/espejos.jpg;4242;4;;;;;;;;;;
9;"MTR MCT Euro 5";"MTR MCT Euro 5";;85;Handlebar;Manillar;galeriamoto/85/espejos.jpg;4243;1;;;;;;;;;;
9;"MTR MCT Euro 5";"MTR MCT Euro 5";;122;"Recambios motor";"Recambios motor";"galeriamoto/122/RECAMBIO MOTOR.jpg";4245;36;;;;;;;;;;
10;"Grand Tour";"Grand Tour";;123;"Recambios motor";"Recambios motor";galeriamoto/123/10728.png;4245;36;;;;;;;;;;
10;"Grand Tour";"Grand Tour";;123;"Recambios motor";"Recambios motor";galeriamoto/123/10728.png;4246;37;;;;;;;;;;
9;"MTR MCT Euro 5";"MTR MCT Euro 5";;122;"Recambios motor";"Recambios motor";"galeriamoto/122/RECAMBIO MOTOR.jpg";4246;37;;;;;;;;;;
9;"MTR MCT Euro 5";"MTR MCT Euro 5";;90;Fairing;Plasticos;galeriamoto/90/plasticosvmaz.jpg;3470;44;;;;;;;;;;
9;"MTR MCT Euro 5";"MTR MCT Euro 5";;90;Fairing;Plasticos;galeriamoto/90/plasticosvmaz.jpg;4248;28;;;;;;;;;;
9;"MTR MCT Euro 5";"MTR MCT Euro 5";;90;Fairing;Plasticos;galeriamoto/90/plasticosvmaz.jpg;4251;34;;;;;;;;;;
9;"MTR MCT Euro 5";"MTR MCT Euro 5";;90;Fairing;Plasticos;galeriamoto/90/plasticosvmaz.jpg;4250;50;;;;;;;;;;
9;"MTR MCT Euro 5";"MTR MCT Euro 5";;90;Fairing;Plasticos;galeriamoto/90/plasticosvmaz.jpg;4249;51;;;;;;;;;;
9;"MTR MCT Euro 5";"MTR MCT Euro 5";;90;Fairing;Plasticos;galeriamoto/90/plasticosvmaz.jpg;4252;8;;;;;;;;;;
9;"MTR MCT Euro 5";"MTR MCT Euro 5";;90;Fairing;Plasticos;galeriamoto/90/plasticosvmaz.jpg;4253;35;;;;;;;;;;
8;"MTR SX125";"MTR SX125";;66;"Front Fairing sx";"Cabezal y espejos";galeriamoto/66/frontal.png;4260;10E4;;;;;;;;;;
8;"MTR SX125";"MTR SX125";;66;"Front Fairing sx";"Cabezal y espejos";galeriamoto/66/frontal.png;4262;19.1;;;;;;;;;;
8;"MTR SX125";"MTR SX125";;66;"Front Fairing sx";"Cabezal y espejos";galeriamoto/66/frontal.png;4263;19.1;;;;;;;;;;
8;"MTR SX125";"MTR SX125";;84;Engine;Motor;"galeriamoto/84/motor scooter.jpg";3786;15;;;;;;;;;;
2;"Scooter MCT";"Scooter MCT";;43;"Electrical System";"Sistema electrico";galeriamoto/43/B1E25010-F0B4-4F36-8716-54EBEEAFDF34.jpeg;2885;4;;;;;;;;;;
2;"Scooter MCT";"Scooter MCT";;43;"Electrical System";"Sistema electrico";galeriamoto/43/B1E25010-F0B4-4F36-8716-54EBEEAFDF34.jpeg;3652;17;;;;;;;;;;
9;"MTR MCT Euro 5";"MTR MCT Euro 5";;91;"Electrical System";"Sistema Electrico";galeriamoto/91/sistemaelectrico.jpg;3892;3.1;;;;;;;;;;
9;"MTR MCT Euro 5";"MTR MCT Euro 5";;91;"Electrical System";"Sistema Electrico";galeriamoto/91/sistemaelectrico.jpg;3896;13.1;;;;;;;;;;
1;"Super Furious RR";"Super Furious RR";;103;"Spare parts Engine";"Recambios Motor";galeriamoto/103/10149.png;2822;35;;;;;;;;;;
9;"MTR MCT Euro 5";"MTR MCT Euro 5";;89;Engine;Motor;galeriamoto/89/motor.jpg;4271;12-1.1;;;;;;;;;;
2;"Scooter MCT";"Scooter MCT";;45;"Exhaust System";"Sistema de escape";galeriamoto/45/C76735EC-908C-4BD6-9FC6-1572458DC6F1.jpeg;4273;5.1;;;;;;;;;;
2;"Scooter MCT";"Scooter MCT";;46;"Spare parts Engine";"Recambios Motor";"galeriamoto/46/motor scooter.jpg";4294;22;;;;;;;;;;
8;"MTR SX125";"MTR SX125";;84;Engine;Motor;"galeriamoto/84/motor scooter.jpg";4294;6;;;;;;;;;;
8;"MTR SX125";"MTR SX125";;84;Engine;Motor;"galeriamoto/84/motor scooter.jpg";3804;16;;;;;;;;;;
2;"Scooter MCT";"Scooter MCT";;46;"Spare parts Engine";"Recambios Motor";"galeriamoto/46/motor scooter.jpg";4296;48;;;;;;;;;;
2;"Scooter MCT";"Scooter MCT";;46;"Spare parts Engine";"Recambios Motor";"galeriamoto/46/motor scooter.jpg";4295;49;;;;;;;;;;
8;"MTR SX125";"MTR SX125";;84;Engine;Motor;"galeriamoto/84/motor scooter.jpg";4295;17;;;;;;;;;;
8;"MTR SX125";"MTR SX125";;84;Engine;Motor;"galeriamoto/84/motor scooter.jpg";4296;18;;;;;;;;;;
9;"MTR MCT Euro 5";"MTR MCT Euro 5";;89;Engine;Motor;galeriamoto/89/motor.jpg;4297;9;;;;;;;;;;
9;"MTR MCT Euro 5";"MTR MCT Euro 5";;89;Engine;Motor;galeriamoto/89/motor.jpg;4300;19;;;;;;;;;;
10;"Grand Tour";"Grand Tour";;123;"Recambios motor";"Recambios motor";galeriamoto/123/10728.png;4300;4;;;;;;;;;;
2;"Scooter MCT";"Scooter MCT";;46;"Spare parts Engine";"Recambios Motor";"galeriamoto/46/motor scooter.jpg";4302;50;;;;;;;;;;
8;"MTR SX125";"MTR SX125";;84;Engine;Motor;"galeriamoto/84/motor scooter.jpg";4302;19;;;;;;;;;;
8;"MTR SX125";"MTR SX125";;84;Engine;Motor;"galeriamoto/84/motor scooter.jpg";3795;21;;;;;;;;;;
8;"MTR SX125";"MTR SX125";;84;Engine;Motor;"galeriamoto/84/motor scooter.jpg";4303;20;;;;;;;;;;
2;"Scooter MCT";"Scooter MCT";;46;"Spare parts Engine";"Recambios Motor";"galeriamoto/46/motor scooter.jpg";4303;51;;;;;;;;;;
9;"MTR MCT Euro 5";"MTR MCT Euro 5";;91;"Electrical System";"Sistema Electrico";galeriamoto/91/sistemaelectrico.jpg;4309;13.2;;;;;;;;;;
10;"Grand Tour";"Grand Tour";;98;"Seat and fairing Grand Tour";"Asiento y plasticos Grand Tour";"galeriamoto/98/asiento y plasticos.jpg";4310;29;;;;;;;;;;
10;"Grand Tour";"Grand Tour";;98;"Seat and fairing Grand Tour";"Asiento y plasticos Grand Tour";"galeriamoto/98/asiento y plasticos.jpg";4311;28;;;;;;;;;;
10;"Grand Tour";"Grand Tour";;98;"Seat and fairing Grand Tour";"Asiento y plasticos Grand Tour";"galeriamoto/98/asiento y plasticos.jpg";4312;30;;;;;;;;;;
9;"MTR MCT Euro 5";"MTR MCT Euro 5";;89;Engine;Motor;galeriamoto/89/motor.jpg;4315;9.2;;;;;;;;;;
1;"Super Furious RR";"Super Furious RR";;103;"Spare parts Engine";"Recambios Motor";galeriamoto/103/10149.png;4316;36;;;;;;;;;;
11;Roma;Roma;;113;"Roma Floor panel";"Panel de suelo Roma";"galeriamoto/113/Panel suelo.jpg";4318;18.1;;;;;;;;;;
11;Roma;Roma;;113;"Roma Floor panel";"Panel de suelo Roma";"galeriamoto/113/Panel suelo.jpg";4319;18.2;;;;;;;;;;
10;"Grand Tour";"Grand Tour";;101;"Electric system Grand Tour";"Sistema Electrico Grand Tour";galeriamoto/101/parteelectricagrand.jpg;4331;1.2;;;;;;;;;;
10;"Grand Tour";"Grand Tour";;94;"Frame Grand Tour";"Chasis Grand Tour";galeriamoto/94/chasisgrand.jpg;4332;30;;;;;;;;;;
10;"Grand Tour";"Grand Tour";;101;"Electric system Grand Tour";"Sistema Electrico Grand Tour";galeriamoto/101/parteelectricagrand.jpg;4333;25;;;;;;;;;;
8;"MTR SX125";"MTR SX125";;65;Frame;Chasis;galeriamoto/65/chasis.png;4347;22;;;;;;;;;;
1;"Super Furious RR";"Super Furious RR";;19;"Rear Fork";Basculante;galeriamoto/19/furiousrr125RearFork.jpg;3320;8;;;;;;;;;;
10;"Grand Tour";"Grand Tour";;123;"Recambios motor";"Recambios motor";galeriamoto/123/10728.png;4361;33;;;;;;;;;;
2;"Scooter MCT";"Scooter MCT";;33;"Brake System";"Sistema de frenado";galeriamoto/33/299B6518-167F-45D9-9350-DFB32134D681.jpeg;4363;4;;;;;;;;;;
9;"MTR MCT Euro 5";"MTR MCT Euro 5";;85;Handlebar;Manillar;galeriamoto/85/espejos.jpg;4385;7;;;;;;;;;;
10;"Grand Tour";"Grand Tour";;102;"Spare parts Engine Grand Tour";"Parte ciclo Trasera Grand Tour";galeriamoto/102/motorypartetrasera.jpg;4386;30;;;;;;;;;;
11;Roma;Roma;;108;"Roma Exhaust";"Escape Roma";galeriamoto/108/Escape.jpg;3650;1.1;;;;;;;;;;
1;"Super Furious RR";"Super Furious RR";;23;"Main Cables";"Sistema electrico";galeriamoto/23/furiousrr125MainCables.jpg;1134;32;;;;;;;;;;
2;"Scooter MCT";"Scooter MCT";;43;"Electrical System";"Sistema electrico";galeriamoto/43/B1E25010-F0B4-4F36-8716-54EBEEAFDF34.jpeg;1134;19;;;;;;;;;;
8;"MTR SX125";"MTR SX125";;77;"Electric parts assy";"Sistema electrico";"galeriamoto/77/sistema electrico.jpg";1134;13;;;;;;;;;;
9;"MTR MCT Euro 5";"MTR MCT Euro 5";;91;"Electrical System";"Sistema Electrico";galeriamoto/91/sistemaelectrico.jpg;1134;20;;;;;;;;;;
10;"Grand Tour";"Grand Tour";;101;"Electric system Grand Tour";"Sistema Electrico Grand Tour";galeriamoto/101/parteelectricagrand.jpg;1134;26;;;;;;;;;;
8;"MTR SX125";"MTR SX125";;66;"Front Fairing sx";"Cabezal y espejos";galeriamoto/66/frontal.png;4393;10;;;;;;;;;;
3;"MTR Adventure 125";"MTR Adventure 125";;64;"Electric Parts and axles";"Partes electricas y ejes";galeriamoto/64/6701.jpg;1134;14;;;;;;;;;;
11;Roma;Roma;;120;"Roma braking system";"Sistema de frenado Roma";"galeriamoto/120/Sistema de frenado.jpg";3444;20;;;;;;;;;;
3;"MTR Adventure 125";"MTR Adventure 125";;64;"Electric Parts and axles";"Partes electricas y ejes";galeriamoto/64/6701.jpg;4398;15;;;;;;;;;;
3;"MTR Adventure 125";"MTR Adventure 125";;64;"Electric Parts and axles";"Partes electricas y ejes";galeriamoto/64/6701.jpg;4399;16;;;;;;;;;;
3;"MTR Adventure 125";"MTR Adventure 125";;64;"Electric Parts and axles";"Partes electricas y ejes";galeriamoto/64/6701.jpg;4401;17;;;;;;;;;;
